Barcode,X Coordinate,Y Coordinate
AACACTTGGCAAGGAA-1,15693,8604
AACAGGTTATTGCACC-1,12382,10090
AACATCTAATGACCGG-1,19177,7019
AACCAGAATCAGACGT-1,17777,9212
AACCATGAATTGCCTT-1,20212,9022
AACCGTGCTTATGTTG-1,19344,8718
AACCTGACAGTGCCGC-1,9949,9680
AACCTTAGCGTCCGGT-1,18654,7316
AACGAAGCGTGGAAGT-1,11170,8985
AACGACATTAAGATGG-1,8749,5378
AACTAGCACTGTTCGA-1,11698,7288
AACTAGCCTAATAGCA-1,8744,6777
AACTAGCCTTGCAATA-1,12047,7090
AACTATCGTCATAGTC-1,19514,9618
AACTATCTAGCAGTAT-1,9961,6682
AACTATGTGCTTGTTA-1,16032,10604
AACTCAACCTTGACCA-1,14298,9398
AACTCACCGAACTTAT-1,10823,8584
AACTCACGGAGTACGT-1,18473,9214
AACTGCAATACGGATT-1,8395,6975
AACTGCCTCGATAGGT-1,13958,7597
AACTGCGAACCTTACC-1,9610,7480
AACTGCGATGAATAGG-1,20745,6325
AACTGCGGTCCGAAGC-1,9618,5681
AACTGGTCATGTGGTT-1,8565,7876
AACTTCAAGGATAATC-1,17954,8513
AACTTCAGATACTACC-1,16383,9806
AACTTCGCTTAGTCAG-1,13951,9196
AACTTGCTCGTAACCG-1,8398,6176
AAGAATTCTGGCTGCA-1,17265,6711
AAGACAATCTCCTGCA-1,17960,6914
AAGATAGGCTTGCTTA-1,18993,9516
AAGATATTGGACGTCC-1,18996,8917
AAGATGCACTATACTT-1,8569,6876
AAGATTATCTAGCATA-1,12389,8491
AAGATTGACACTCGAT-1,20738,8124
AAGCAGCGGACACGTG-1,14301,8598
AAGCAGTGGCATCACT-1,17431,8811
AAGCAGTGTAGAATCT-1,10650,8484
AAGCCAGGCTGCTTGA-1,19178,6819
AAGCGAGCCGTCCGCT-1,7535,4673
AAGCGTTCGTCTGTCC-1,10304,8082
AAGGACCAACATGGCT-1,9270,5680
AAGGAGGCACTCAATT-1,10997,8685
AAGGCATGAACAGCTC-1,10134,6982
AAGGCCAATTCAATAA-1,17943,11311
AAGGCCGACCTACCTG-1,15344,8802
AAGGCCGATTCTGAGC-1,15860,10303
AAGGCCTCGCGAGGAA-1,18638,11314
AAGGCGACGGTGTCGG-1,17787,6613
AAGGCGCCGACAATCT-1,19702,6321
AAGGTGCCGCTAAGGT-1,19689,9519
AAGGTTACTATGACGC-1,7530,5872
AAGGTTGCTGAGTTGA-1,9965,5882
AAGTACTAAGGTTACG-1,18308,6915
AAGTACTGGATGCGCA-1,16215,8506
AAGTCTACCGGTTGGA-1,10649,8683
AAGTCTTAAGTTGCCA-1,13262,7595
AAGTCTTAATAGAACT-1,8223,6475
AAGTGAGCCTGTTACA-1,17596,10910
AAGTGGCGAAGTTAAT-1,14644,9799
AAGTGGCGAGTGTACA-1,11517,8987
AAGTGGTTCCTCGCGT-1,10133,7382
AATAACATGTTACGTC-1,16561,8907
AATAACGTAACTGTGA-1,12741,7293
AATAACTCTAATACAG-1,8397,6576
AATAACTCTACGATGT-1,10655,7084
AATACGGTACGGCCTA-1,10133,7182
AATACGTAGACAGTTA-1,17254,9509
AATAGTATAGTTGTCG-1,14474,8899
AATAGTGCTCATAGAA-1,12559,9391
AATAGTGGAAGAGCAT-1,17088,7610
AATAGTTGGTGCTCAG-1,13600,9995
AATCCGACCACGGTCC-1,20036,9720
AATCCGCCGACCTGAG-1,17959,7313
AATCTTAGCCTCTGTC-1,19003,7118
AATGAAGACGGTTCAG-1,13956,7997
AATGAAGAGGATGTAT-1,20038,9121
AATGAATCGGAAGGCA-1,15511,10502
AATGATTACAACCTAA-1,14990,10400
AATGCAATCACTGTCG-1,10827,7585
AATGCCGACGAGCAAC-1,18820,9216
AATGGCATAGTATCAT-1,12910,8593
AATGGTCGATACTCGG-1,9266,6679
AATGTACTTAACATCA-1,17947,10112
AATGTCAGGTCATTAC-1,12733,9291
AATTAGCAACCGTTCC-1,9443,5780
AATTAGCTTAGGTGTA-1,9781,8380
AATTATACCTCAATGA-1,20050,6122
AATTCTAACATCGTGC-1,20735,8724
AATTCTCAGACGCAAC-1,10482,6984
AATTCTTGCATTGGTC-1,20914,7625
AATTCTTGGATACGGA-1,17787,6813
AATTGAATTCACTAGA-1,19864,9220
AATTGGTTATGATACA-1,15867,8504
AATTGTAGAATCCTAG-1,17959,7114
ACAACCTTGGTGTCAA-1,8916,7077
ACAACGTGGAGCTACT-1,18819,9616
ACAATATGAATCATGA-1,7884,4275
ACAATTGGTCGCGTAA-1,16032,10804
ACAGAATAAGATAGTG-1,17602,9511
ACAGAATACATACTAA-1,7704,5773
ACAGAATCCGTTGCTT-1,14640,10798
ACAGAATCTTGATAAG-1,16567,7308
ACAGAATGTCTTATTG-1,14468,10498
ACAGCCAGGCATAAGC-1,10995,9085
ACAGGACTGAGCCGAT-1,17434,8011
ACAGGCATTGAACCAT-1,9088,7778
ACATCGCCACAAGAGG-1,10655,7284
ACATCGTCGGTCTACC-1,17776,9412
ACATCTACCTGTTCTA-1,20398,6124
ACATCTCGACAACCAC-1,17772,10411
ACATCTCGCATAGAAT-1,8745,6577
ACATGGATGCGTAAGC-1,15514,9902
ACATGTTCCACTGATA-1,19339,9918
ACATGTTCCAGGACGT-1,17090,7010
ACCAAGCACTTGCGCA-1,10473,9182
ACCAAGGCTTCGCTAG-1,20215,8422
ACCAAGTGGCTGTATG-1,12739,7892
ACCAATGAGCCTCATC-1,17606,8511
ACCAGTATGAAGTTCC-1,12219,7390
ACCATAACTCCTCGTA-1,10125,9381
ACCGAAGCCGAATTAA-1,16388,8606
ACCGGCACGTACGAAC-1,17597,10710
ACCGGCTATCGTGCGG-1,11687,10087
ACCGTACACGACCGTC-1,12387,8890
ACCGTACTATCGGAGG-1,16730,10207
ACCGTAGGCGGAGGTT-1,9956,8081
ACCTAATGTTACCAAT-1,17769,11211
ACCTCCACAGAACTCA-1,20731,9923
ACCTCCGATTATAAGA-1,20386,9122
ACCTGCACTAGATGGC-1,8405,4577
ACCTGCTTATAGTTCG-1,11004,6886
ACCTGCTTGCTACGAC-1,17257,8710
ACCTGTGGCGCTGCAA-1,20571,6225
ACGAACATAGGATCGG-1,9256,9078
ACGAACGCACGAGCAC-1,14118,10896
ACGAAGCCACCTGAGG-1,8562,8675
ACGAAGCTCATCCTCG-1,9785,7381
ACGATGCGAAGGAGCA-1,16901,10907
ACGATGTCGCACAATC-1,17430,9010
ACGATGTCGTTGCCAA-1,16206,10705
ACGCAACGAAGAGTAT-1,10657,6685
ACGCAAGCTCCGCTTA-1,7869,8073
ACGCAAGGCGTCCAAT-1,7523,7671
ACGCAATAGTATACGA-1,9962,6482
ACGCATCGTCGAGCAG-1,7883,4675
ACGCCGGCATCACTGG-1,13076,10492
ACGCGTAGACTCAACT-1,8916,7277
ACGGCCGTCAACGTAT-1,17257,8910
ACGGCCGTGACATTAA-1,18999,8117
ACGGCCTGGCTAAGTT-1,8577,5077
ACGGCTATGGCATACC-1,17265,6911
ACGGCTTAACGATAGT-1,10306,7483
ACGGCTTACGTATGCC-1,10300,8882
ACGGCTTCCATCGGAA-1,12042,8289
ACGGCTTGTTCAATCG-1,11518,8787
ACGGTCGGACAGGCGA-1,19523,7420
ACGGTTACATCCGAAG-1,10653,7684
ACGGTTCGTCCGACCG-1,10825,8184
ACGTGAAGGTCGCCTC-1,20906,9424
ACGTTCACGACTAGGT-1,15689,9603
ACGTTCTGCCATAATC-1,16906,9708
ACTACCTTGGTTGACC-1,7532,5473
ACTAGATCTGAAGCGG-1,11352,6887
ACTATCAAGGACGGAA-1,20568,7024
ACTATTACCAGGTGCT-1,19171,8618
ACTATTAGACAGGCTG-1,11862,9788
ACTATTGCGAGCTAGA-1,9262,7678
ACTCAGGCCTGCAACT-1,15518,8903
ACTCAGTAGATACAAT-1,20743,6925
ACTCCTGCGGCAACCA-1,8220,7274
ACTCGACGTACACGCC-1,7696,7772
ACTCGATTGATATCCA-1,11346,8286
ACTCGTATTGTCAGAA-1,16563,8307
ACTCTAAGCTTGCGCC-1,13424,10494
ACTCTTGCGGAGAACC-1,18301,8714
ACTGAGCAAGAACACG-1,7537,4074
ACTGAGCGATTACTAA-1,20391,7923
ACTGAGGATAGGCGCT-1,8392,7775
ACTGATACAGAACGTC-1,20567,7224
ACTGATACCTTCACTA-1,20397,6324
ACTGATACTCCATTAC-1,8742,7177
ACTGATGTCCACTCGC-1,8399,5976
ACTGTATTCTAGTCCA-1,9775,9779
ACTTAAGCCAGTAGGA-1,18307,7115
ACTTGAAGCGAGCGGT-1,15343,9002
ACTTGAATGTATTGGA-1,8578,4677
ACTTGAGCACGAACAT-1,7880,5274
AGAACAGGAGCATGGA-1,12211,9589
AGAAGCAATGAGGAAC-1,20390,8123
AGAAGCAGCCTAAGCT-1,14127,8697
AGAAGTTGAGCGCAAG-1,11000,7885
AGACATCTTAGCACCT-1,17255,9310
AGACCGAAGACTACTC-1,8222,6875
AGACCGACCGCAGACA-1,14649,8600
AGACCGGACTGTCCAT-1,18467,10614
AGACCGGTATCCGTGG-1,18465,11013
AGACCTGATAACAGTG-1,8056,4775
AGACTCATTGCGGACA-1,14824,8300
AGACTCCTGTATGGCG-1,15696,7804
AGACTCGACTCCTAAT-1,9429,9378
AGACTGGAACCGTTGG-1,20912,8025
AGACTGGTAAGGAGGT-1,17425,10210
AGATAACCAATACGCC-1,18123,9613
AGATAAGCCACTCATA-1,16041,8405
AGATCATTCACGCTGT-1,19526,6620
AGATCTAACGAGCTCA-1,20039,8921
AGATGAGGCGCCTCCA-1,9089,7378
AGATGCACGTAGGTGC-1,19877,6022
AGATGCTCCGTCATCT-1,12729,10291
AGATTGAGTTAGGAAC-1,13079,9893
AGCAATAACAATTCCA-1,8908,9076
AGCACGATACCTAAGC-1,9441,6380
AGCACGGAGGCAGTCA-1,10477,8183
AGCAGGTAAGTATCTG-1,10310,6483
AGCAGGTGCAATGGTT-1,18469,10014
AGCATAATTCCAGATA-1,8924,5278
AGCATCCTGACAGCCG-1,8390,8375
AGCATTAGACGGATTG-1,8920,6078
AGCCAGATCAAGATTC-1,8224,6275
AGCCGATGTTCTACTC-1,17075,10808
AGCCGGCCTATTCCAG-1,15522,7703
AGCCGTAGACTCTGAA-1,20396,6724
AGCCGTAGTGGAGTGC-1,17783,7613
AGCCGTATCTTCGTCT-1,11178,6787
AGCCTACGGTGACCAA-1,19865,9020
AGCCTCCGAACTACCA-1,11696,7888
AGCGACATTCGATCTG-1,19337,10517
AGCGCATCGTGGTCGA-1,19515,9419
AGCGGATCGCGGACAG-1,20907,9224
AGCGGTGAGTGACATG-1,15173,8102
AGCGGTTAATCGAAGT-1,9430,9178
AGCGTGCGCCTGATCG-1,11692,8888
AGCGTGGCACCGACAA-1,15342,9402
AGCTCACTATGCAGTT-1,19687,9919
AGCTCGACAGGCGATA-1,17432,8411
AGCTGATCGGATTGTT-1,7874,6873
AGCTGTTCCGGTGATT-1,18126,8813
AGCTGTTGAAGGCCTT-1,20049,6522
AGGAATTACGGTGACG-1,18128,8414
AGGACGTATCGCCGTA-1,14988,10800
AGGACGTCGGCACGAA-1,13433,8295
AGGACTAGGACCGCAG-1,10993,9684
AGGACTGAAGTGCCTT-1,17422,11009
AGGACTGGATGAAGAC-1,11347,8087
AGGAGCAGCGTTAATA-1,8738,8176
AGGAGCATAATCCACT-1,15859,10503
AGGAGCATCTTAACTC-1,20211,9421
AGGAGCCGCTGAGTAG-1,18651,8116
AGGAGTACAGTGCATA-1,8575,5477
AGGATAACCGGTCGGA-1,15865,8904
AGGATACCTCCGAGCG-1,8918,6678
AGGATAGAGTTAATCA-1,8226,5875
AGGATATCGCGAATAC-1,16556,10106
AGGATGCTCGACAGTC-1,20742,7125
AGGATTCCTTGCTGCG-1,20222,6623
AGGCAACTAGCGTACC-1,16393,7407
AGGCATTACTATAGTA-1,13429,9294
AGGCGATTCCACTTCT-1,8908,9276
AGGTACTCTGCCACCG-1,20210,9621
AGGTGAAGTGACGACT-1,12382,10289
AGGTGAATCCACAACC-1,19702,6121
AGGTTACATTCCACGC-1,19347,7919
AGTAAGCTCGGCCAAT-1,15514,9702
AGTACCGTTGTACGCC-1,12041,8489
AGTATTCAGCTGAATG-1,15863,9504
AGTATTCGTCGGTATC-1,11525,6988
AGTCGCCACTCGGCGA-1,14827,7701
AGTCGGACCGTGCTTA-1,12562,8791
AGTCGGTCTAATCTGT-1,15175,7702
AGTCGTTGCCTTACCT-1,19175,7618
AGTGAGTATTCTAAGT-1,14300,8998
AGTGCAATAACTAACA-1,16909,8908
AGTGCAGCTTCATCGG-1,20913,7825
AGTGCCAGATGCTCTG-1,13776,9496
AGTGCGCAACATGCGT-1,16043,8005
AGTGTAAGCCGAACAA-1,9239,13475
AGTGTCATGGTTGTGG-1,17951,9312
AGTGTCTAGGCTAATA-1,11341,9486
AGTGTTCGAGGATGAA-1,18466,10814
AGTTACCTCACCAGCA-1,16734,9208
AGTTAGAAGGACGAAT-1,9603,9279
AGTTCGGCACATACGG-1,11341,9686
AGTTCGTGCAGACCTT-1,14815,10699
AGTTGGCACCAGTTAC-1,16567,7508
ATAATTAGTTCTACGG-1,18309,6715
ATACAAGGTCAGTAGA-1,15339,10001
ATACATCACTGTCCGG-1,9776,9579
ATACGACATCTAGACC-1,18821,9016
ATACGCTGAGATCAGA-1,14130,7898
ATACTAGCCACTTCGC-1,17252,10109
ATACTGGACCACAGCC-1,8917,6877
ATACTGGAGGATAACG-1,12047,6890
ATAGATGCCTAAGCAC-1,14993,9600
ATAGCTATTCGCACTC-1,16387,8806
ATAGCTGTGAATCGGC-1,8218,7874
ATAGTCCGCCGTTGGC-1,13080,9493
ATAGTCGCTAAGGTAT-1,20384,9722
ATAGTGTCAGATGTAG-1,19693,8520
ATAGTTAAGCCTGCCG-1,18655,7116
ATAGTTAAGGCACGAG-1,14645,9599
ATAGTTCATCGGATCT-1,9263,7479
ATCAAGGAGCTTACAT-1,19869,7821
ATCAATCTGCAGGACC-1,9097,5379
ATCAATGGTTGTACCT-1,8752,4778
ATCAATGTCAACTCGG-1,8046,7374
ATCAGATACCAGCTGT-1,16914,7709
ATCAGTAAGCTCGCCG-1,16907,9308
ATCATTCCAACTTCGC-1,9791,5782
ATCATTGTCCATGCCA-1,12908,9192
ATCCACATGTTGGACC-1,10471,9782
ATCCGAGTACAGGAAT-1,10297,9681
ATCCGAGTACCACGTG-1,10994,9284
ATCCGATGACCTCGGA-1,16732,9607
ATCCGGATCGCCGTAT-1,17958,7513
ATCCGGCGTAGTCTGA-1,20918,6626
ATCCGTAGCTTCAGTA-1,12741,7492
ATCCGTGGAACTTCAA-1,17260,8110
ATCGAACATGCTAAGC-1,18994,9317
ATCGAATCTAGCAGAC-1,8749,5578
ATCGCAGTAACTTATT-1,12390,8291
ATCGGCTCTATGCCTC-1,11179,6587
ATCGTACAACTGGCTA-1,9428,9578
ATCGTACACCTATGCC-1,12391,7891
ATCGTACCGCGTACGC-1,20033,10320
ATCGTAGCATGTAGAT-1,17943,11111
ATCGTCACCATGTCAC-1,15169,9101
ATCTACAGGAGTGCAC-1,10305,7683
ATCTCCTTGCGATACA-1,12558,9591
ATCTGAAGTATGCACG-1,18825,8017
ATCTGACCGGAGTCCT-1,18122,10013
ATCTGATACTTCATTA-1,19524,7220
ATCTGTACGCGTCTCC-1,14128,8497
ATCTTAAGCTCCTTGA-1,20737,8324
ATCTTAGACGCCTACT-1,17775,9811
ATCTTAGATAGGTTCA-1,18831,6617
ATCTTGGCTTCGTCCT-1,10827,7785
ATGACCTCACGCACTG-1,8402,5176
ATGACCTCACTTAACC-1,12562,8591
ATGATAATGCACGCAC-1,20910,8625
ATGCATGCCTGCGATG-1,16911,8309
ATGCATGGTTCCGCCT-1,14991,10000
ATGCCGTCGATAAGAC-1,18639,11114
ATGCTACTGAATAGTA-1,17262,7511
ATGCTCATGCCTGCCT-1,19688,9719
ATGCTGAATGCAATAG-1,15163,10700
ATGCTGACAGTTACAT-1,20565,7824
ATGCTTACTCTAGGAA-1,16211,9505
ATGCTTGGACGAACTT-1,15692,8804
ATGGAGTAATCGGACC-1,13083,8893
ATGTACCATTATTGTC-1,19345,8518
ATGTACCGATCCAGAA-1,18648,8915
ATGTACTACCGACTTC-1,12045,7490
ATGTACTCTGCAGCAC-1,15869,8105
ATGTAGAAGCGAATAG-1,18117,11212
ATGTAGCCGACCAAGG-1,17437,7211
ATGTATCGGAATACGG-1,14472,9498
ATGTGAATCCATACGA-1,10475,8783
ATGTGCGTCTGAACAG-1,14125,9297
ATGTGCTAACATCGAA-1,8743,6977
ATGTGCTTGTGCTACC-1,9439,6780
ATGTTACCTCGTCTGT-1,7524,7272
ATGTTACGCCATTCCT-1,20208,10021
ATGTTCGCAGAAGTCT-1,18645,9715
ATTAAGAACAGCTCCG-1,13605,8795
ATTAAGAATAACGCTT-1,17614,6513
ATTACCTTCGCAGAAG-1,16758,3211
ATTACTCCGTGAAGCG-1,12386,9290
ATTACTGAGTGCCTCC-1,15510,10902
ATTACTGTCGCATATT-1,16213,8906
ATTACTTAACCACTTC-1,20905,9824
ATTACTTGAGCAAGAT-1,7882,4874
ATTAGATAAGACGGCG-1,12567,7392
ATTAGATTCGTACTCA-1,20040,8721
ATTAGTCGTGTTATGC-1,9090,7178
ATTAGTTCACAGACTC-1,18129,8214
ATTATCACAACTCGGC-1,10999,8085
ATTATCCATTGTGACA-1,19512,10218
ATTATCGAAGCCTAAG-1,20037,9521
ATTCAAGATTAGTTGC-1,12903,10392
ATTCACATCTTATTCT-1,15864,9304
ATTCACCTGACCAGTT-1,12037,9489
ATTCACGCTGTTATCG-1,11177,7186
ATTCACGTCGCAGGCT-1,14646,9399
ATTCAGCTCCTACTAA-1,10651,8084
ATTCATAGCGAAGCGT-1,11514,9786
ATTCCATTGTGAACGC-1,10308,7083
ATTCCGCTCCATCAGC-1,16727,10807
ATTCCGGTTACATACC-1,11864,9388
ATTCGCTCGCGGAGGC-1,11694,8288
ATTCTACGTGGCAGAT-1,17953,8713
ATTCTACTGGTCGTTC-1,14296,9997
ATTCTAGGACATCAGT-1,11349,7687
ATTCTTGAGGCGACGC-1,19170,8817
ATTGACGCCACCTTCT-1,9267,6479
ATTGCAATTATGGTTG-1,8049,6574
ATTGCATATTGTTATC-1,12905,9792
ATTGCCTGATGTGCGG-1,19690,9119
ATTGCCTTGTCTAAGT-1,8920,6278
ATTGCGTAGTTAGGAG-1,19874,6622
ATTGGCCTAGGAATCG-1,19696,7720
ATTGGCCTTCCGTGCA-1,10139,5783
ATTGGCGAATTGCACT-1,20048,6722
ATTGTTAAGTAGACTA-1,18298,9514
ATTGTTATCGTAATAC-1,8043,7973
CAACAGCCGCCTTGAG-1,20743,6725
CAACCGTTAACAGACC-1,19342,9318
CAACGCTTGCTCCTAC-1,13781,8296
CAACGGCACTCAGTCC-1,17427,9810
CAACTGCAGTGCAATA-1,14294,10397
CAACTGCTGGAGTTAT-1,13777,9296
CAACTTGGTACGATGT-1,18124,9413
CAAGACCACTATCGAA-1,13431,8894
CAAGTACTCCGCATCG-1,10312,5884
CAAGTCTTGGCGATAG-1,8921,5878
CAAGTGTTCGCCACGC-1,15338,10401
CAAGTGTTGACGGCCA-1,10312,6084
CAATAAGGTAGCGATG-1,20741,7325
CAATAATCGTAGGATA-1,10129,8382
CAATCCGAGGTGCTAG-1,9258,8678
CAATCGTCGGAGCATG-1,15684,10802
CAATGCAGATCATAGA-1,8230,4876
CAATGCATTGACGGCA-1,16555,10506
CAATTGAACCGGCTCG-1,12215,8590
CACCAGGCACGCTATC-1,10298,9482
CACCGAGTCTTGGACA-1,10658,6485
CACCTACATGATTGAT-1,19518,8819
CACCTAGACGAGCCGG-1,15164,10301
CACCTATTACTCAGAT-1,19341,9518
CACCTCGAGCGATGCT-1,12212,9189
CACGAACGGTCTTCAG-1,7708,4774
CACGACCTCCGTCATA-1,18814,10815
CACGAGGCCATCCACT-1,16741,7409
CACGAGGTATAGGTAT-1,17080,9609
CACGATAAGGCCTAAG-1,8222,6675
CACGATCATACAATTA-1,14822,8900
CACGCCACAATCGCAC-1,11695,8088
CACGCCACTCCTTCAT-1,19872,7221
CACGCTTATCAATCTT-1,18640,10914
CACGGCTTACTCCGTT-1,17778,9012
CACGGTCTTGGTTAAT-1,16904,10108
CACGTACGTAGCTCAT-1,17783,7812
CACGTAGGTAGGCTGA-1,11867,8588
CACGTCAAGTGCGATC-1,11519,8587
CACGTCCACGACCTAT-1,14301,8798
CACGTTGCACATACCG-1,17951,9112
CACTACAATATTGCGG-1,9957,7881
CACTACTGGCTGAACC-1,11167,9585
CACTCAATGGTTCGGA-1,18817,10015
CACTCAGAGCAACCGG-1,8218,7674
CACTGGATCGATACGA-1,10135,6782
CACTGGTGAGACGCTT-1,16392,7607
CACTTGACATTCAGAA-1,14992,9800
CAGACAGTCGGATCTG-1,13775,9895
CAGACGCAGTAGGTCT-1,12906,9592
CAGAGGCGAATTGCCA-1,19698,7121
CAGAGTCATGTACAGG-1,18992,9716
CAGATTCCGTATGCGA-1,14821,9100
CAGATTGCCTGTAAGT-1,14651,8200
CAGCATCCTCGCCACT-1,9950,9480
CAGCCAGTCCTGTCGG-1,12560,9191
CAGCGATAACTGAACC-1,18824,8416
CAGCGATAATGCGATT-1,9436,7579
CAGCTCCTCGGATTCT-1,11693,8488
CAGCTTCACTACCGTG-1,9790,6181
CAGCTTGGTTCGGTCG-1,17251,10309
CAGGACAGAAGGCTGG-1,17248,11109
CAGGACATGGTAATGC-1,12215,8390
CAGGCCAACAGCGAGT-1,18827,7617
CAGGCGAGGTCTTGGA-1,17082,9009
CAGTAATATCACTACG-1,9431,8978
CAGTACAGTTGTGGAA-1,14643,10199
CAGTATGCGTGGCGCT-1,11863,9588
CAGTCAGCCGATCCGG-1,15862,9704
CAGTCTGGACAATCTA-1,7700,6973
CAGTCTGTGGCGCTGC-1,9959,7281
CAGTTGCAACCGAGAT-1,19175,7418
CATAGAACATTGAACA-1,11521,7987
CATAGACGAGGTATTA-1,20569,6824
CATATCCGTTCACCTC-1,8910,8676
CATATTCATCCGCATT-1,18818,9816
CATCAGATACTAATCG-1,14998,8401
CATCAGGTGCCTGATA-1,10994,9484
CATCAGTAATCAGACA-1,18992,9916
CATCCGTGCGGTCTAC-1,18118,10812
CATCCTTCGACTAAGT-1,8750,5178
CATCGCGGTCGGTGCG-1,14816,10499
CATCGGATACGCACAG-1,7703,6173
CATCGGATCCTACCTG-1,19525,7020
CATCGGTAGCGTCCGA-1,19352,6719
CATGATAGGCCATGAG-1,15871,7505
CATGCACGCCGACGGA-1,19165,10017
CATGCAGAAGTCAGGA-1,10309,6683
CATGCATATTCTGCCT-1,9779,8780
CATGGTGAGGCAGCAT-1,19694,8120
CATGTCCACCTGCGTC-1,16218,7706
CATGTTACCGAAGGCG-1,14647,9199
CATTAACTATTGTTCC-1,13607,8196
CATTAGGATAGTGAAT-1,11348,7887
CATTGCAGCGAAGACC-1,8915,7477
CATTGTCGGTCGCTAG-1,8394,7175
CCAACTGGAGATTCAT-1,20216,8022
CCAACTTGCGTTAACC-1,8570,6676
CCAATATTAGTGCGTT-1,7698,7372
CCAATCTTGCCTATGG-1,14817,10099
CCACAGGAAGATGTGC-1,19691,8920
CCACGAACGCTGCCGC-1,17258,8510
CCACGCCTGGAGAAGT-1,7522,7871
CCACGTCGGTCGCTTC-1,17084,8609
CCACGTGGACTGCGGT-1,9954,8481
CCAGACAATATCGTTA-1,14819,9700
CCAGATAGACGAGGTG-1,12737,8292
CCAGCACTCGACTGAC-1,13775,9695
CCAGTTGTGATGCAAG-1,8398,6376
CCATGGTTCCAATGTC-1,19520,8219
CCGAAGCCAGGTTCAG-1,20042,8121
CCGACAACGTCATCGG-1,13255,9393
CCGACAGACTGTGCCT-1,11521,8187
CCGAGGATGACTCGTC-1,13957,7797
CCGATGGAACATCAGC-1,14641,10598
CCGATTAGCGAGTGTA-1,18293,10713
CCGCAATCCGTGGTTG-1,18644,9915
CCGCATAGTACAGGTT-1,9085,8377
CCGCGTATCGTTGCAG-1,18134,7014
CCGCGTCGTTGGTCTG-1,12046,7290
CCGCTCAATCTGGAAC-1,9784,7581
CCGCTGTCACCTGCAA-1,15522,7903
CCGCTGTTGCCATACG-1,14121,10296
CCGGAGAAGCTAACCA-1,15868,8305
CCGGATCACTATGGCC-1,8050,6374
CCGGATCTCCGAAGCG-1,18130,7814
CCGGCATAGGCAAGTG-1,9951,9280
CCGGCGAACCGTGCAC-1,12740,7692
CCGGCGCAGCATGCGA-1,16390,8207
CCGGCGTCCTCATTGT-1,10138,5983
CCGGCGTCTTAATAAG-1,14991,10200
CCGGTGGCAAGCCGTA-1,7875,6673
CCGTATAATCTGGCCG-1,17604,9111
CCGTCTTATGGACGAG-1,17079,9809
CCGTGAAGGATAACAG-1,12040,8689
CCGTGGCGTCGGTGCT-1,9092,6578
CCTAACTTATGTTGGA-1,10829,7185
CCTAAGCATGCCTTGT-1,12036,9688
CCTAATAGCGGACAGA-1,9605,8879
CCTAATCCACAAGGAT-1,11522,7787
CCTAATCGGCAGTCAC-1,19695,7920
CCTACCACTCCAGTTA-1,12907,9392
CCTACGAGCTGGCCGG-1,12213,8990
CCTACGGTAAGACTCG-1,8391,7975
CCTAGCCTAGTACCGG-1,16564,8107
CCTATCTATCAATCGC-1,19339,10117
CCTATGATGGTCAATG-1,19179,6619
CCTATGCCAGCAATCC-1,16912,8109
CCTATGTCTTACCGGC-1,16731,9807
CCTCACCTAGTGGCAA-1,12556,10190
CCTCCGAAGCTGTACC-1,19528,6220
CCTCGATAGAATAGGA-1,12214,8790
CCTCGGATCTTGCGGT-1,16212,9305
CCTCGGCGCCGATTGA-1,8058,4375
CCTCTACCGTGATTGG-1,13260,8194
CCTCTAGCTGGTCCGC-1,18988,10716
CCTGGATTGCGTAACA-1,18645,9515
CCTGGCTTATGGTCTG-1,13947,10196
CCTGTCTGCATAGGTC-1,15342,9202
CCTTAGCGTTCGCAGG-1,8563,8475
CCTTATAGGCGAATAC-1,8045,7574
CCTTCCGCTCCGGCAT-1,16394,7207
CCTTGTGATGGTCTAG-1,15167,9501
CGAACCAGAAGTCTGG-1,12737,8492
CGAATGGACCGTCTTG-1,14119,10696
CGAATTACTGCTCCGG-1,17600,10110
CGACAAGCACTCAGCC-1,8564,8275
CGACAATTATTCTGTC-1,14477,8299
CGACAATTCGTCATGT-1,19694,8320
CGACCAGAACTGTCAT-1,9443,5980
CGACCAGAAGGATCCG-1,13085,8293
CGACGCAACATGGCGA-1,18294,10513
CGACGCAGCCTTAGTC-1,15510,10702
CGACGCCGGAGTTGAG-1,20049,6322
CGACTAATGTTAGGCT-1,18995,9117
CGACTATTGGTACTAT-1,20733,9323
CGAGCGTATGCCAGCG-1,19698,7320
CGAGCTATGTCCTCGC-1,10656,6884
CGAGGAAGACTTAGAT-1,14648,8799
CGAGGACGTAATAGGC-1,19871,7421
CGAGGAGCGTTCGTTA-1,13080,9693
CGAGGAGTCTAAGGAT-1,12565,7991
CGAGGATTCGATCATA-1,14818,9899
CGAGGCATCCAAGTCC-1,9442,6180
CGAGTCACTCATAGAT-1,16568,7108
CGAGTCTTGTACTGCC-1,20045,7522
CGAGTGCGGCTCGTGG-1,15174,7902
CGATAAGGTGCCTGAC-1,13427,9694
CGATGAGGCCAACGTA-1,14642,10398
CGATGCACCAGGCCTC-1,13088,7694
CGATGCCGACCGTGAC-1,20916,7025
CGATTAACTAATCTTA-1,19353,6519
CGCAACCATGCACCGA-1,12220,7191
CGCACGGCTGTCAGGT-1,10478,7983
CGCACGTATGAAGGCC-1,18295,10113
CGCACTAACTACCGGT-1,10483,6784
CGCACTCACCAGCACG-1,19343,8918
CGCACTTAAGGCATGC-1,17421,11209
CGCAGATATGGACAGT-1,9083,8977
CGCATGAGGAGCGTCT-1,12209,9989
CGCCTCGGCTACTCGC-1,7710,4374
CGCCTTGTGAAGTCTA-1,14126,9097
CGCTACTCAGCCATAG-1,19522,7620
CGCTAGCCGCATGCAT-1,16906,9508
CGCTATAGCGATCGCC-1,20388,8722
CGCTATTATGATACGT-1,11700,6689
CGCTCGGCCGGTTGTC-1,16044,7806
CGCTCGGTACTGCGAA-1,13953,8797
CGCTCGTTATAGATCT-1,7707,5174
CGCTGACGGCACATGA-1,20744,6525
CGCTGCGAGTCCACAT-1,18823,8616
CGCTGCTTCGCATACT-1,13254,9593
CGCTGTGACATAGGCA-1,16908,9108
CGCTTATGGTTAGGAT-1,14824,8500
CGCTTGCTTGGTCTGG-1,8561,8875
CGGAGCCATCTGGATA-1,20219,7422
CGGAGCCGCAATAGCC-1,17595,11310
CGGAGGCTAGTCGGCA-1,9612,7080
CGGAGTGGTCAAGTAT-1,16216,8306
CGGATGTTGAACCACG-1,17435,7811
CGGATTGCGTCTACCT-1,17611,7312
CGGCAACCACTAGCAT-1,11345,8686
CGGCAACCTAAGTCCA-1,14471,9698
CGGCAATCAACGTGGA-1,17782,8012
CGGCATGGCCGCTTGT-1,18990,10316
CGGCATTATCGCGTGG-1,10651,8284
CGGCCTAACGATAATG-1,17253,9909
CGGCTGTACATGATGT-1,8907,9476
CGGCTTCCTACTGGTT-1,7528,6272
CGGTCCATGCGACTCC-1,8909,8876
CGGTCTAGATCGAATG-1,18306,7315
CGGTCTGCGTATCTGG-1,18470,9814
CGGTTATCTGTCTTAA-1,12914,7593
CGTAACATTCGCGATA-1,12034,10288
CGTAACCTGACATCGA-1,10136,6583
CGTACAGACGAGGACC-1,11002,7286
CGTACAGGCCGCACTG-1,10128,8581
CGTACATCGATGTCTT-1,7529,6072
CGTAGCCTTGAGCAAG-1,9780,8580
CGTCAAGGCGGAATGT-1,14477,8099
CGTCAGAACGTTGCCG-1,16037,9405
CGTCCATCCTAGCATC-1,18480,7415
CGTCCATGTAGCGTCT-1,17424,10410
CGTGAGCTGTTATCGT-1,18299,9114
CGTGGCTACATCCATT-1,19860,10219
CGTGTTGGACGTCTGG-1,9269,5879
CGTTCCTGTCACCGTG-1,9084,8777
CGTTGGTGGCGTCTGC-1,8396,6775
CTAAGCGTGCCTGCAA-1,13428,9494
CTAAGCTCCACGATCA-1,17432,8611
CTAAGCTTACAGTACG-1,17081,9409
CTAAGTCAAGATCATG-1,17957,7713
CTAATCTGGCCGTGTT-1,12393,7491
CTAATGAGCGAGGCTA-1,11516,9387
CTAATTATGTTGCCGC-1,18642,10315
CTACAACCGCTGTCTA-1,11524,7388
CTACAGAACCAGTTGA-1,10822,8984
CTACAGAATTAATGAC-1,16563,8507
CTACAGCGTCTACACT-1,15519,8503
CTACAGGTAGAATTCC-1,18120,10412
CTACATCTACTGGCTT-1,15000,7801
CTACCTGTAATAAGCA-1,20213,8822
CTACGAATCAGCCTGG-1,9435,7779
CTACGAATTGGCTGGT-1,15335,11001
CTACGCCGCATGAATG-1,7526,6872
CTACGCTACATCTGTT-1,10311,6283
CTACTCGGCGTCTAAT-1,8400,5776
CTACTGCTCCGACAGT-1,15162,10900
CTACTTATGAACATAA-1,9602,9679
CTAGCACGATCACTGT-1,17074,11008
CTAGCACGCCAAGCTT-1,8912,8077
CTAGCATAGAGCGAGC-1,19000,7917
CTAGCCGAAGATGGAC-1,9614,6481
CTAGCCGATTCAATGC-1,8923,5478
CTAGCGCCTAGCTTAA-1,9957,7681
CTAGGCCAGGAGTACG-1,16042,8205
CTAGTTCTACATGACG-1,18813,11015
CTATACCGACTCGCAT-1,16044,7606
CTATCCATAATCGATA-1,19686,10119
CTATCGAGATGCCTAC-1,10307,7283
CTATCGATCACGATTA-1,7532,5273
CTATCGGATATCGGAG-1,12738,8092
CTATCGTTACAACCTT-1,18650,8316
CTATGCCATGCGGACA-1,18469,10214
CTATGCCATTGGAGAA-1,20047,6922
CTATGCCGTACAGCGT-1,15170,8901
CTATGTAGGCCGAACG-1,13430,9094
CTATGTGCGGTTGACT-1,13609,7796
CTATTACCGTCATATT-1,20392,7523
CTATTAGCGGCTTCGT-1,10831,6785
CTATTCCGGCCGTCGG-1,16387,9006
CTATTCGTCTTACATA-1,17077,10208
CTCAATACGTTAACCG-1,14478,7899
CTCAATGACCATTAAG-1,14132,7498
CTCAATTGGCGATTCC-1,18820,9416
CTCACCTGAGACTAAG-1,15697,7604
CTCACCTGCCGACTAA-1,14813,11099
CTCACCTTATCTCCTT-1,9096,5579
CTCACCTTCTGAAGTA-1,10480,7383
CTCACGTTCGGTCTGC-1,12734,9092
CTCAGAAGACAACTCG-1,16219,7506
CTCATAGCCAATGTCG-1,15163,10501
CTCATATGTAACCGTG-1,20214,8622
CTCATCCTGGCAAGTC-1,13599,10194
CTCCAAGTGAGCCAAT-1,7538,3874
CTCCAGTGGTTCTAGG-1,7533,5073
CTCCGGATCCTCGCTC-1,17423,10809
CTCCGGCCTACAGCTT-1,15687,10003
CTCCTACATTGTATCT-1,14479,7699
CTCCTACTTGAGTAAG-1,17596,11110
CTCCTTATCTTAAGAC-1,11689,9487
CTCGACAGCACTCGGA-1,15695,8004
CTCGACTCCTAATGGA-1,13607,8395
CTCGATGCGGTGTTAA-1,17604,8911
CTCGATGTTGAACGGC-1,17078,10008
CTCGCTAGCACCATCT-1,15869,7905
CTCGCTGTTCATAGAT-1,11001,7685
CTCGGATCGGAATACG-1,15338,10201
CTCGTTCTGTCACGTT-1,14989,10600
CTGAAGCGTGGTGAAG-1,8572,6276
CTGAAGGTGCTCGAGG-1,15518,8703
CTGAAGTGCTGAACTG-1,13252,9993
CTGACTCCGAATCTGC-1,16736,8608
CTGACTGGTATGATAA-1,8914,7677
CTGACTGGTCTACCTT-1,8747,5977
CTGACTGTGGCCGGTT-1,11520,8387
CTGATTAACGCAAGAA-1,9096,5779
CTGATTACAATGTCCA-1,9617,5881
CTGATTGCTTCTAGAA-1,20906,9624
CTGCATTGAGCACGGA-1,8225,6075
CTGCCGTGAAGTCGCA-1,15346,8402
CTGCCTAGTGAATAAG-1,8734,9176
CTGCCTATACATCCAT-1,8215,8474
CTGCCTGTGAGCCAGG-1,9255,9477
CTGGAAGGCAACCGGA-1,19517,9019
CTGGAAGTCTAAGCTC-1,18816,10215
CTGGAATAGTGCAAGT-1,12913,7793
CTGGAATGGATCAGCA-1,11697,7488
CTGGCACTTCTGCGTC-1,20045,7322
CTGGCCTTACCACTTA-1,18302,8314
CTGGCGCACTTACTGA-1,10480,7583
CTGGTGCGTTCACGAG-1,12564,8191
CTGGTGGCCAATAAGT-1,12733,9491
CTGGTTGGACATCACC-1,10476,8383
CTGTCACTCGGCCTTA-1,14473,9298
CTGTGCGTGAGCCGTC-1,20043,7921
CTGTTCCAGAAGCTGA-1,14302,8398
CTGTTCGTATGCACCA-1,17439,6812
CTGTTGGATCAACGCA-1,7697,7572
CTTACGAACTCCGTCC-1,17261,7910
CTTACGCAGAGGCTCG-1,8404,4777
CTTACGCTACGTAAGC-1,20919,6226
CTTACGGTAAGCCGAA-1,14305,7799
CTTAGCTACCATCTCA-1,20044,7722
CTTAGCTACGCAAGGT-1,13954,8597
CTTAGCTTAGTTCTCG-1,12208,10189
CTTAGTCTATCGAGAC-1,13783,7896
CTTAGTCTCGACAACT-1,11688,9887
CTTAGTCTTATTCGGA-1,16553,10906
CTTAGTGCGTTGACGC-1,10299,9282
CTTAGTGGCTAAGACG-1,9613,6880
CTTAGTTCACCGCCAG-1,7871,7673
CTTCAAGTAACAGCTT-1,20564,8024
CTTCAATCGTACTACG-1,19686,10319
CTTCACAAGTTCCTCA-1,8390,8175
CTTCATGCCTAGACGG-1,9263,7279
CTTCCACGATCCTGTA-1,8737,8576
CTTCCGACGCACAACC-1,14123,9697
CTTCCGAGACATTGAT-1,7711,4174
CTTCCGTCGCTGCATC-1,12043,8089
CTTCCTGGTGTTGGAC-1,7700,6773
CTTCGATAACATTGGT-1,15171,8502
CTTCGATACTCCGACC-1,14126,8897
CTTCGATGGACGTACC-1,9778,9180
CTTCGCCGCAACATTA-1,18302,8514
CTTCTGAGCCAGGAAC-1,9788,6581
CTTGAGTCCAAGGCTG-1,19350,7319
CTTGATGCAATCACAA-1,17603,9311
CTTGCCGGAAGACGCA-1,17771,10811
CTTGGACAGGTTAGAA-1,19166,9817
CTTGTCAAGGCGTCAA-1,18119,10612
CTTGTCAGTTCGGTAA-1,19004,6918
GAACAAGGTCGAGCAA-1,18127,8613
GAACAGATAACCTTAA-1,14473,9099
GAACAGATCCGCTAGA-1,19167,9417
GAACCTTAGTTGATTA-1,20220,7223
GAACTAACTCTACGTG-1,11868,8189
GAACTACCTTATCATA-1,15341,9602
GAACTCATAGTGAGTG-1,16915,7309
GAACTCCTCATACATA-1,18475,8615
GAACTGTAACTCAGGC-1,12909,8992
GAACTTGGTGAGGATA-1,16559,9307
GAAGCGTCCATAGTTG-1,19346,8318
GAAGCTGCCTCGTGAG-1,8579,4477
GAAGTTCTGCAGTTCT-1,8216,8274
GAATAAGGAGAACTAA-1,15001,7601
GAATCATGAACCAGTG-1,17087,7810
GAATCATTATGAGCTG-1,8574,5677
GAATGACCACAATCGA-1,16220,7307
GAATTAACCTTCAATT-1,18133,7214
GACAACGGACTCAGCT-1,13435,7695
GACAACTTAACCAACC-1,13602,9595
GACAAGCTGAATCTGG-1,13604,8995
GACAATGACAAGCTTA-1,9614,6680
GACAGTCACTTCGCTC-1,14476,8499
GACATCACCGTTGCGT-1,19511,10418
GACATCAGATTCTTAC-1,7701,6573
GACCAATTGCGTCAGA-1,9434,8179
GACCACATTCTTGAAT-1,13261,7794
GACCGAATCTAATACG-1,16737,8408
GACGCAGCGTCAAGTT-1,16040,8805
GACGCCGAACTTCCGT-1,7708,4974
GACGGCTTAGGTGCGA-1,10826,7985
GACGGTGGTTGATGTC-1,17613,6712
GACGTGGTGCTCCAGA-1,18296,9913
GACTACGAGTTCCATT-1,12911,8393
GACTACGCCTATAGCC-1,19514,9818
GACTAGATTAGCTAAC-1,9789,6381
GACTAGGCAGACTTGG-1,8389,8574
GACTGCCATAGAATAC-1,12731,9891
GACTGCGGTCTGCGTG-1,11513,9986
GACTTGAAGCCATAGC-1,19868,8221
GAGCAGACTAGTGGTA-1,20392,7723
GAGCATCTCCAGTCTG-1,20385,9322
GAGCCAGCTTACGGTA-1,17253,9709
GAGCCTCACGTATGTA-1,12043,7889
GAGCTACAGCTCGGTA-1,13081,9293
GAGCTGCGGTGGTAAT-1,19862,9620
GAGGATCCAGAACTGG-1,12563,8391
GAGGATGAGGATCCTC-1,20209,9821
GAGGATGATAGGAAGG-1,12039,8889
GAGGCCATGGCTCGGA-1,8226,5675
GAGGTATTAATAGCGG-1,13782,8096
GAGGTCACTGTAAGCT-1,16557,9906
GAGGTGCATTCGGATC-1,14304,7998
GAGGTGCGGCTGACCA-1,9265,6879
GAGTAACGTGGCTTGA-1,17781,8212
GAGTAGATACGTCAAC-1,9081,9377
GAGTAGGATGGTAGTC-1,13431,8695
GAGTCCACGCCTGAAG-1,17076,10608
GAGTCCACTCATAACA-1,14644,9999
GAGTCGAGCGTGCTTC-1,7881,5074
GAGTCTGACTATAGAA-1,11176,7386
GAGTCTGGTGAATGAG-1,12736,8692
GAGTGCCGCATTAGGC-1,15346,8203
GAGTTAATCTCGTTAT-1,10472,9382
GAGTTAATTCCACTGG-1,17608,7912
GAGTTGGTATTAATAG-1,9440,6580
GATAAGTTGGCGATTA-1,18471,9614
GATACCTCGCGACTGC-1,9093,6378
GATACTTCACTCAGCA-1,17264,7111
GATAGATGTTGAAGAT-1,17779,8812
GATATGCTCACGTTAC-1,18656,6916
GATCACGAACGTTGAG-1,20558,9623
GATCATCGGTGCGTTC-1,7878,5874
GATCCACCGCGTGCAA-1,14820,9500
GATCGTAACATTAATA-1,9782,8180
GATCGTTGGAATGACA-1,20735,8924
GATCTTGTCATGATCT-1,18483,6616
GATGACTCTGAATCTT-1,18657,6517
GATGCCACATTATCAC-1,8047,6974
GATGCCAGACATAATG-1,9964,6082
GATGCCGACAGATATT-1,9264,7079
GATGCCTAGAGTCTGT-1,14826,7901
GATGTAGCGAGGTCCA-1,15513,10102
GATGTAGGAGTTGGCC-1,13087,7894
GATTCCATTGAGTTGA-1,15165,10101
GATTCCGCTGCAAGAT-1,15521,8103
GATTGACTCCATGCGA-1,18647,9115
GCAACAGCTCCTATGA-1,19700,6721
GCAACATACATCAGCA-1,11170,8785
GCAAGATAGGTTAACT-1,14131,7698
GCAAGCACTACCGCCA-1,10131,7782
GCAAGCTTATTGACGT-1,9257,8878
GCAATCAACTCCAGAT-1,20221,6823
GCAATTCCTATCATAC-1,17259,8310
GCACAGCTGTGGTTGA-1,16385,9406
GCACATGCCGGTCTGG-1,19521,8019
GCACCGAAGATGTCTA-1,18125,9213
GCACCTAGTAATTATC-1,19347,8119
GCACCTTAATCGGATA-1,20220,7023
GCACCTTACTGGCTAC-1,14648,8999
GCACGCATAGGCGATC-1,14820,9300
GCACGCTTCGTTGTTC-1,17784,7413
GCACTGAATATGACAG-1,16734,9008
GCAGACGCCTGGTTAT-1,16728,10607
GCAGATCCTAATGTGG-1,14297,9797
GCAGCCGGATGCCGCA-1,9777,9380
GCAGCGATCTAACGAA-1,9611,7280
GCAGGCCATTCCTGCC-1,14650,8400
GCAGGCTACCGTCCTT-1,12383,9890
GCATGACGGATTATCA-1,14995,9201
GCATTACCTGTCAAGA-1,12561,8991
GCATTGACTACAGCGA-1,13772,10495
GCATTGCTGTTCCATC-1,8746,6177
GCATTGGTTACCAAGC-1,11861,9988
GCCACTATAGACCATA-1,11872,7189
GCCAGACATCTATCAC-1,15515,9502
GCCAGTAGACGATACC-1,14303,8198
GCCAGTTAATTCTTGC-1,18988,10916
GCCAGTTCCTCGTGCC-1,16210,9705
GCCATTCTCGTGTAGA-1,9606,8679
GCCATTCTTGCAACCA-1,8048,6774
GCCATTGATACTCAAG-1,8047,7174
GCCATTGTAACTGATC-1,16034,10204
GCCGAATCCACGACTC-1,20910,8425
GCCGAGTCCTCGTCCA-1,15691,9003
GCCGATCGAGTGAAGT-1,10481,7184
GCCGATCTCGTGACTC-1,9259,8478
GCCGCACTTCGTCTAT-1,8735,8976
GCCGCTGATTGGCCAG-1,13432,8495
GCCGGCAATAGGCAGG-1,18826,7817
GCCGGTATGCTCATGC-1,14475,8699
GCCTCATGCGAGCAGG-1,19340,9718
GCCTCCTGCGGCCGTT-1,10998,8485
GCCTGGTACATGGTCG-1,12568,7192
GCCTGGTCAGGTTGCC-1,14295,10197
GCCTGTGACACCAGAA-1,10644,9883
GCCTGTGATAGATTGG-1,19002,7318
GCCTGTTAACGGACGA-1,20383,9922
GCCTTAATTGACGGAT-1,8566,7676
GCCTTGGCGAACAATC-1,13086,8094
GCGAATCGAGAACACG-1,15171,8702
GCGAATTGGCTAGCCA-1,17945,10712
GCGACACTAAGCTAAG-1,13778,9096
GCGACGTAGAGCGTTA-1,19351,7119
GCGAGCGGACCATAAC-1,12216,8190
GCGAGCTAACTCCTAG-1,19873,7021
GCGAGGATCGACCTTA-1,13251,10393
GCGAGGTGCTACCTCG-1,8044,7774
GCGATGACCGTGTAAT-1,13598,10594
GCGATGTACTGCTATT-1,18481,7016
GCGGTGGACATCAATC-1,7534,4873
GCGTAATTCTTGCCTT-1,7872,7273
GCGTACCGTGTATCAG-1,13082,9093
GCGTCGGAATGCTGCC-1,11691,9087
GCTAACAGATTGGTAG-1,20037,9321
GCTAACCATAGGCGTT-1,16380,10605
GCTACCATCCTGTAGA-1,11350,7287
GCTACCTAGTCCGTTC-1,20394,7123
GCTACTTCTGACGCGA-1,16389,8407
GCTCAACCACGGCAAC-1,12035,9888
GCTCATACAATTAGAC-1,12913,7993
GCTCCGGCAACATGAT-1,18641,10714
GCTCGGACCTTCAAGT-1,8227,5476
GCTCGGAGATGAATGT-1,11871,7589
GCTGAATGACCGTGAG-1,15858,10703
GCTGACAGCCGGAGCG-1,12557,9990
GCTGAGGACAAGAAGT-1,17438,7012
GCTGCCGCCTATGTAG-1,16383,10006
GCTGGATGACTCTACC-1,12905,9992
GCTGTAGTGCTGTCGC-1,12386,9090
GCTGTTGATAGTCTTA-1,12035,10088
GCTTACCTCGTGCTAT-1,18989,10516
GCTTCGGCATCAGAGT-1,16738,8008
GCTTCTAGCGTTCATT-1,13257,8794
GCTTCTGTTACGAGAA-1,16916,7109
GCTTCTTGGACGAGCG-1,11692,8688
GCTTGAGCTCTTGACA-1,10137,6383
GCTTGCCATAGTGGAT-1,10823,8784
GCTTGCTTACTTAACG-1,11873,6989
GCTTGGATGCTCGCTT-1,15345,8602
GGAAGAATAACTAACC-1,9953,8881
GGAAGCTGAGATAAGG-1,20563,8423
GGAAGTCTTGTCGCAT-1,18134,6814
GGAATCCTTAGACTGT-1,14653,7600
GGAATGCACCTCAATA-1,8403,4976
GGAATGGCAACTTGGA-1,15166,9901
GGACAGTGCGGCAACA-1,11523,7588
GGACCGATCTGGATTA-1,13427,9894
GGACGGCTATCGACCA-1,8912,8277
GGACGGTGCAGTAGGA-1,10474,8983
GGACGTAGTGTAGAAG-1,9961,6882
GGACGTTACGTACATC-1,20739,7724
GGACGTTAGATTCAGG-1,19168,9217
GGACTCACGGTCCAAT-1,10124,9581
GGACTCTGAACCTGAG-1,20915,7225
GGAGATCCTGTACCAG-1,11166,9785
GGAGATGCGTGCAGTA-1,18476,8415
GGAGCGAGTGTAACTT-1,14122,9897
GGAGCGGCACCTCGTA-1,13601,9795
GGAGTCCAGATAGCTT-1,16035,10004
GGAGTCTAAGGCCGCT-1,10302,8482
GGAGTGTCCATGTATT-1,10648,8883
GGATAATTCAATGCTG-1,11174,7986
GGATCGCTGGCATATT-1,11874,6789
GGATTCGTGGTAATCA-1,20396,6524
GGCAAGACAATCAGCT-1,17955,8313
GGCAATGCGAACTTAA-1,10300,9082
GGCACGACGGACGTCG-1,10127,8781
GGCAGCGTATACGACT-1,15517,9103
GGCAGCTCCTGGACGG-1,18294,10313
GGCATAATCCTATCGC-1,11870,7789
GGCATACTATTGCACT-1,20740,7524
GGCATCGAACCTCATA-1,7536,4473
GGCCAAGATGGATGGC-1,10484,6584
GGCCATGCGTCTGTCG-1,7705,5573
GGCCGCCAACTATTGC-1,18828,7417
GGCCGTCCAGTAGGAC-1,18479,7615
GGCCTTCGACCAGGTA-1,14124,9497
GGCGACCATAGCGTTA-1,15683,11002
GGCGCCACCGGAGCAA-1,16036,9605
GGCGCCACTGAACATC-1,13426,10094
GGCGCCGTCGGACATA-1,17424,10610
GGCGCCGTGGTTACAT-1,8053,5575
GGCGGAGCACTGATAA-1,12912,8193
GGCGGATACAACGCAC-1,18300,8914
GGCGTCGCCGTATGAT-1,16729,10407
GGCGTCGGTAGTGATA-1,18132,7414
GGCGTGCGCTAGATTA-1,7876,6274
GGCGTGGCACGGCACT-1,13256,9194
GGCTCAATCAACATGA-1,16214,8706
GGCTGACGCCGAATCA-1,13950,9596
GGCTTGCCATAGGCTC-1,10821,9184
GGTAAGGCGACGATGA-1,14652,8000
GGTACCAGGTAGTGTT-1,11343,9086
GGTACGATCGACTTAA-1,12904,10192
GGTACGCTTACCTGCG-1,9963,6282
GGTACGGAGCATCAGC-1,10830,6985
GGTACGGTATGCTCCA-1,17608,8112
GGTACTGTGATCTTCC-1,18304,7915
GGTAGCCATCAATCCG-1,11866,8788
GGTAGCGTACATCTGT-1,19692,8720
GGTAGGTTGTTCTAAG-1,18121,10213
GGTATGCAACAGTGGC-1,17440,6612
GGTCATGCTCTGCCAA-1,9084,8577
GGTCTGAAGTATGTCA-1,14467,10698
GGTCTGAGATCCGCCA-1,19338,10317
GGTCTGCGAACTGTAT-1,14293,10797
GGTCTGTATCTTGTCG-1,7524,7472
GGTCTGTTCACTAATC-1,8221,7075
GGTCTTGAACCGGCCA-1,14480,7499
GGTCTTGCACGTTGCG-1,19861,10020
GGTGCATCCAGAACGG-1,8231,4476
GGTGCGCAACTAACGG-1,20035,9920
GGTGGCTTATTGCGTG-1,16560,9107
GGTGTCATACTATTAG-1,7704,5973
GGTTACAGCCGGCCGG-1,9786,7181
GGTTACCAGACAACAT-1,18292,10913
GGTTAGATGAGTCTAA-1,8567,7476
GGTTAGTCGGCAGCGA-1,9080,9577
GGTTCAAGGTTAAGCC-1,9086,8177
GGTTCATTCCGGCCTC-1,15336,10801
GGTTCTGGAGTCTACC-1,11175,7586
GGTTGACCAAGACATG-1,20559,9423
GGTTGACCATTGCTGT-1,8569,7076
GGTTGATAAGTACCTG-1,8055,4975
GGTTGCGATTGAACAG-1,9259,8278
GTAACACCGAGCGTTA-1,16039,9005
GTAACATACACCTGTT-1,13774,10095
GTAACCACCTACAACC-1,8741,7377
GTAACCTAGCGTCACG-1,9435,7979
GTAATCACGCACAGCT-1,10824,8384
GTAATGATCACGTAAG-1,9439,6980
GTACAACTCGGCAGAA-1,12558,9790
GTACAGTATCGGAATT-1,16045,7406
GTACCTACAATACGAA-1,20389,8323
GTACCTGAAGTGAATG-1,13434,8095
GTACCTGTCTTACTGT-1,20557,9822
GTACCTTCATGTGCAA-1,9960,7082
GTACGAAGGATTATTG-1,10819,9584
GTACGAAGGCGTCTAT-1,7531,5673
GTACGATTAGTCTACA-1,15685,10403
GTACGCCATAGATGGT-1,20562,8623
GTACGGTTAATGCAGG-1,8576,5277
GTACTACCGTTAGGTG-1,10308,6883
GTACTTAACTTCAGCG-1,11344,8886
GTACTTCCATCTGGCA-1,7525,7072
GTACTTGGTTCGCTTA-1,7696,7972
GTAGAAGGACATCATA-1,14120,10496
GTAGACCAGAATACTC-1,19163,10616
GTAGCAGAAGACTCTT-1,18815,10615
GTAGCAGAGCAATAGC-1,18653,7516
GTAGCCGCACTCCATC-1,17947,10312
GTAGCGCCTGAACTCA-1,9786,6981
GTAGCGCTAGATCCGT-1,8057,4575
GTAGTCCAGCGGACAT-1,17249,10709
GTATACATTGGCTCAG-1,18305,7715
GTATACGGTACACGCA-1,17261,7710
GTATCTACAGATCTCC-1,16036,9804
GTATCTGTCAACGGTG-1,14299,9198
GTATCTGTGGCGTCTA-1,19526,6820
GTATGATAGTATGGAT-1,10828,7385
GTATGCTTGCGACTAA-1,10301,8682
GTATGTAGCTCACCTT-1,16562,8707
GTATGTTAGTTCTACC-1,12566,7592
GTATGTTCTGGATCGC-1,19169,9017
GTATTATGAGTTAGCG-1,13946,10596
GTATTCCAAGTTACCT-1,11690,9287
GTATTCCGCTCGGATG-1,19176,7218
GTATTCGTGACTTGAT-1,11351,7087
GTCAACCTGACGATAG-1,12038,9289
GTCACTAAGCCAGCGG-1,14466,10898
GTCACTACTTAATGGA-1,17426,10010
GTCACTTATGAATGCG-1,16733,9407
GTCAGCCATTGTGCGG-1,9606,8479
GTCAGGATCAACCAAC-1,19005,6518
GTCAGGTACGTGGCAT-1,17946,10512
GTCAGTAATCCAATTA-1,17612,7112
GTCAGTGAGGATCGTT-1,11864,9188
GTCAGTGCAGCGTTGT-1,20570,6624
GTCCGTACGGATGCTC-1,7527,6672
GTCCTTATACATTACG-1,20041,8521
GTCCTTCATCAGATCA-1,13780,8496
GTCGAGTGCTCCTTCG-1,8753,4578
GTCGCACGCAGCCTGC-1,17961,6714
GTCGCATTACCAGGCA-1,19174,7818
GTCGTGTTCATGTCAG-1,16558,9707
GTCTAAGCGGCACGCC-1,9255,9278
GTCTAATACGGCTAAG-1,11345,8486
GTCTAGCGTTGTGACC-1,19519,8419
GTCTAGTCTAGCGACG-1,15337,10601
GTCTATTAAGCACTTA-1,7879,5674
GTCTGATAGATTATAA-1,17089,7410
GTCTGATATCTGAATT-1,13952,8996
GTCTGCTCAACACCAA-1,19171,8418
GTCTTCGATAGGTGTT-1,9607,8279
GTCTTGAACAATTACA-1,17256,9110
GTCTTGACAATAGCAA-1,12218,7790
GTCTTGCTGGACGATA-1,11168,9385
GTCTTGCTTGATCCAC-1,7870,7873
GTCTTGTATTGTAGAT-1,15861,10104
GTGAACATTCAACGAT-1,11868,8388
GTGAAGATGAGTGCCT-1,13783,7697
GTGAAGTGATCGTGCT-1,14292,10997
GTGAATTAGACATTGC-1,9432,8579
GTGACAAGATGCTCAT-1,13779,8696
GTGACAATTGCGATAA-1,20561,8823
GTGACATATGCTAGAT-1,9790,5981
GTGACATGTACCACCT-1,17598,10510
GTGACCGGAGTCATAC-1,16217,7906
GTGACTATGGCATGGA-1,20393,7323
GTGACTGTCCTGGTAT-1,14470,9898
GTGACTTCCTCACGAC-1,10647,9283
GTGAGCACCAGCATCC-1,19167,9617
GTGAGGATCTCAGCCT-1,8219,7474
GTGATCTACGAGATCC-1,16742,7209
GTGCAACGACGGTGTT-1,15348,7803
GTGCAGGCACTCTAGG-1,13077,10292
GTGCCACCTTGAGCAT-1,19863,9420
GTGCCGCATCCTTCCT-1,18998,8317
GTGCCTGACACGTTGG-1,11173,8186
GTGCGTTCACGGATAA-1,9604,9079
GTGCTCAATGCAACCT-1,17605,8711
GTGCTCGCTTGATCGG-1,20736,8524
GTGGAACAGAAGTCGA-1,14640,10998
GTGGATTAACAGCGGT-1,20559,9223
GTGGCGACCTAATATT-1,9431,8779
GTGGCGATCTGCGATA-1,17948,9912
GTGGCGCCAACAGCTC-1,8568,7276
GTGGTTGCACGCGGCA-1,8406,4377
GTGGTTGCCGCTTCAA-1,14999,8201
GTTAACTCCGACCACT-1,12390,8091
GTTAGACAATGGATGA-1,16730,10007
GTTAGGTACTAACTGG-1,10645,9683
GTTATTCGGCCATTCG-1,17956,7913
GTTATTGTACGTATAC-1,8059,4176
GTTCATTGCCTGAATA-1,8394,7375
GTTCCGTCTTATCTTA-1,18474,8815
GTTCGCTGGTATTAGA-1,18477,8015
GTTCTACTTATGGTAG-1,19699,6921
GTTGAACTACCGTTCA-1,20572,6025
GTTGAATGGTACAGTA-1,16208,10305
GTTGACGAACCAGAAC-1,13258,8594
GTTGACGCTCGATGGC-1,7712,3974
GTTGACGTCAGATTAG-1,17775,9611
GTTGACTAGAGCACGT-1,14652,7800
GTTGACTTCTATGCTG-1,19869,8021
GTTGCCACGACAAGAA-1,18481,7216
GTTGCTACGTCTTAAT-1,18652,7916
GTTGTCCTGTGATGTA-1,14994,9400
GTTGTCGTAATATGGA-1,9082,9177
TAACATGGCCACCTCC-1,11515,9586
TAACCAAGGTGCTCTA-1,9092,6778
TAACCGGATGGACAGG-1,18996,8717
TAACGAATGCTCCAAT-1,9088,7578
TAACGAGCGTCTGGCC-1,20046,7122
TAACGAGTTGCCAACC-1,11865,8988
TAACGCTTATGCCATA-1,14469,10298
TAACGTCACTATAATC-1,13260,7994
TAACTCCAACATGGAC-1,17086,8010
TAACTTGCACGGCGGA-1,16209,9905
TAAGATTAGATATTCC-1,8230,4676
TAAGCAAGTAATGTGG-1,18298,9314
TAAGCCACAATTGCCT-1,9958,7481
TAAGCCTGGCTTCAGT-1,17610,7512
TAAGCCTGTAGCGTCC-1,16208,10105
TAAGGACGCCTGGTTG-1,12392,7691
TAAGGATCTGAAGATA-1,17077,10408
TAAGGTATGAATGCTA-1,17249,10909
TAATACCGTTAATTGC-1,13948,9996
TAATAGGCTTGCTGAA-1,20566,7624
TAATGTGCACGATCTG-1,11349,7487
TACAACGGACGGCTCA-1,17955,8113
TACAAGCGCCATCGGA-1,20560,9023
TACAAGCGCCTCTACA-1,16559,9507
TACAAGCGGAAGTACG-1,11172,8386
TACAAGTCGAATGCAA-1,9254,9677
TACAAGTGTCTGTCCG-1,10130,7982
TACAAGTTATACGCTG-1,20224,6223
TACACCGGTATGTATC-1,7871,7473
TACACGAACAGCTACT-1,20914,7425
TACACTCAGTAGAATG-1,9095,5979
TACACTGCAGGTTAGA-1,14469,10098
TACACTTCGAGGTGAC-1,10472,9582
TACATAGCAGACCAAG-1,9094,6179
TACATATGCACCAGTG-1,10832,6385
TACATCGTCAGCGGTT-1,11169,9185
TACATTGACTGAGTCC-1,19875,6422
TACCTCAGCGGTTGAT-1,8577,4877
TACGACTCTGAACACT-1,17599,10310
TACGCCGGAGTTCTGA-1,16207,10505
TACGCTGATAGCAGTC-1,7873,7073
TACGGAACAGACGCGG-1,10484,6384
TACGGATCTTGCGATG-1,20034,10120
TACGGTTAATGTACTA-1,16554,10706
TACGTGAGGACAACCG-1,7875,6474
TACGTGGCATCATATG-1,19701,6521
TACTAGGATCAATGGC-1,17779,8612
TACTATGTTGAATCTT-1,10646,9483
TACTCCTACATCAACT-1,12217,7990
TAGAACATGATTAACA-1,20908,9024
TAGACAATACTGGAAG-1,8228,5276
TAGACATACGTCTAAT-1,13773,10295
TAGACATGGTTAGGTC-1,10137,6183
TAGACATTGACTTGCA-1,19859,10419
TAGACCAGGATATCGG-1,18122,9813
TAGACCAGGTACGATC-1,20563,8223
TAGACCGAAGCAGAGC-1,9783,7780
TAGACCGGCCAGTACG-1,11869,7989
TAGAGGCGATTGATTC-1,14999,8001
TAGATGTCGAGGCCAG-1,18649,8715
TAGCAATTATGGACCG-1,18997,8517
TAGCGTACGGAGCGCC-1,8736,8776
TAGCGTATAGCGCTAA-1,15693,8404
TAGCGTCTCGGTCTAT-1,8737,8376
TAGCTACCATACTGCT-1,16910,8708
TAGCTACCTGTAGGAT-1,9608,8080
TAGCTAGAGGCCTGAA-1,16566,7708
TAGCTCGAATCGTCCG-1,16038,9205
TAGCTTAAGCTGGCGT-1,13084,8693
TAGGAGCCAGACTCAG-1,8051,5975
TAGGATGCACCGTTCA-1,14996,8801
TAGGCAGGCGGACGCC-1,19163,10417
TAGGCATCGGAGCCTC-1,9437,7379
TAGGCATCTGCGGACC-1,12394,7291
TAGGCGAGCGATCGGT-1,11178,6986
TAGGCTTATCTAGCTC-1,18649,8516
TAGGTCTGCCTCTGTA-1,9616,6081
TAGGTCTTGGCTCGTC-1,13779,8896
TAGTAAGCGGTGGATA-1,18646,9315
TAGTATCCAATTACGT-1,11517,9187
TAGTCACTGGATAGGC-1,18126,9013
TAGTGACCAGTTGCGG-1,8229,5076
TAGTGACCGTCGATTA-1,9965,5682
TAGTGACTCAATTGCT-1,13603,9195
TAGTGAGGACATGTTG-1,12909,8792
TAGTGATGACTCCTGG-1,12735,8892
TAGTGCACTATTGTCA-1,13078,10092
TAGTGCACTTGTACCG-1,7709,4574
TAGTGCAGCTGGCGTC-1,8922,5678
TAGTGCGTGGAGAAGT-1,8573,6077
TAGTTCGAATTAGCGG-1,16565,7908
TAGTTGAGTTCTGCAC-1,18478,7815
TATCACATAGCGAACT-1,16555,10306
TATCACTTCGAGCCGT-1,14293,10597
TATCCAAGCGCCGTAG-1,16381,10405
TATCCAATACCGCAAT-1,17944,10911
TATCCACTTGCGTATC-1,14129,8298
TATCCGATCTTGGCGG-1,9268,6079
TATCCGTAAGCCAGCG-1,20567,7424
TATCCTGCGGTTGATC-1,11002,7486
TATCTAGTCGCATGCA-1,11005,6686
TATGACAATGCTTGAA-1,13955,8197
TATGACGGAGATTGGC-1,12381,10489
TATGCCACAGCCGGTG-1,19518,8619
TATGCGTACCTGAGTC-1,19861,9820
TATGCTCCTGGTTAGT-1,9609,7880
TATGGATATGGTGCGA-1,19343,9118
TATGGCAGTTCGTCTA-1,17428,9610
TATGGCCATAATAGAC-1,17085,8409
TATGTAGAGCTGATCA-1,18130,8014
TATGTCATAAGCGTCG-1,17600,9911
TATGTCGAGGTTGAAG-1,12730,10091
TATGTCTAAGACGCAA-1,20223,6423
TATGTTGCAGTCTAGG-1,17786,7013
TATTAAGCAGCGCCGG-1,18829,7017
TATTCGGTGGAGATTC-1,17607,8312
TATTCGTTATCGCCTG-1,18477,8215
TATTCTAAGGCTCATC-1,17609,7712
TATTCTCAGCGGCTGG-1,16910,8509
TATTGAATTAAGCGTT-1,20731,9723
TATTGATCGTGATCTT-1,15689,9403
TATTGATCTACTTCGG-1,19349,7519
TCAACATGGATACAAC-1,18657,6717
TCAAGGACGTTAGGAG-1,18822,8816
TCAAGGCCATAGCCTG-1,9955,8281
TCAAGGTCTGAATATG-1,17089,7210
TCAAGTGATGGTTAAT-1,18653,7716
TCACAAGGAGAACAAG-1,17774,10011
TCACATTGTCGGTGAC-1,11700,6889
TCACGATACCTAGCCA-1,15688,9803
TCACGCTATCCACTAC-1,17250,10509
TCAGAATCGATATCAT-1,15870,7705
TCAGCGCCTAGTCTTA-1,18824,8216
TCAGCGTGACCTTACC-1,12566,7792
TCAGCTACCAACTCCG-1,10996,8885
TCAGCTCGCCAGGATG-1,14122,10097
TCAGGATACACTACAA-1,11342,9286
TCAGTCAGCGATCAGA-1,10819,9784
TCAGTCATTGCAAGTG-1,17771,10611
TCAGTCGAAGTATCTA-1,9260,8078
TCAGTCGAGCGATGAA-1,7528,6472
TCAGTCGTGCCGGCAG-1,12555,10390
TCAGTCTGAGTGCTTG-1,7699,7172
TCAGTGAAGAGTTCTA-1,19522,7819
TCAGTTCAGAATCTCG-1,10129,8182
TCAGTTCTCCGGACCG-1,14823,8700
TCATCCATGCCAAGCG-1,18306,7515
TCATCCGATTGAATTC-1,7883,4475
TCATCCTAGGACTCGC-1,8565,8075
TCATCGGCCTGTGCGG-1,17780,8412
TCATCTGCCGCTATTC-1,16902,10507
TCATGATTCTGATACT-1,10476,8583
TCATTCACGCGAGCTC-1,19866,8620
TCATTGATAGACTTGC-1,11526,6788
TCCAACGAAGATGCTT-1,17083,8809
TCCAACTAAGACTCCA-1,13259,8394
TCCAACTGCCGCCATA-1,14816,10299
TCCAACTGGCTGAAGA-1,10304,7883
TCCAAGACCGCTTGAT-1,16384,9606
TCCAATAACGTGCTAG-1,19173,8018
TCCAATGCAAGTATCT-1,8055,5175
TCCAGATCTTCGCTTA-1,8741,7576
TCCAGTACCGAGCGCA-1,17949,9712
TCCAGTACGTGCTATG-1,12044,7690
TCCAGTCACGGTGGCT-1,8748,5777
TCCAGTCAGTACATTA-1,17952,8913
TCCATGATGTGATCAA-1,12385,9490
TCCATGCGTCCACCAG-1,10820,9384
TCCGAATACCGAATAG-1,8751,4978
TCCGAATCGCAGGTTC-1,15861,9904
TCCGCCAAGGTCCGTT-1,16386,9206
TCCGCCTTGTTCTGAT-1,17429,9210
TCCGGCTATGCTCAGT-1,17081,9209
TCCGGCTCTATGGACA-1,11872,7389
TCCGGTTCCGTTCTAG-1,16379,10805
TCCTATCCTCGAATCA-1,9953,8681
TCCTATCCTGTCAATA-1,9433,8379
TCCTCAATGAGGAACG-1,15866,8704
TCCTCACGTGTAGACG-1,12211,9389
TCCTCATCGTGCTGGA-1,13425,10294
TCCTGATAAGTGCCGT-1,11860,10187
TCCTGCCGTGTCTAAG-1,19351,6919
TCCTGCTACATGCAGA-1,19690,9319
TCCTTCCAACCGCAAC-1,9778,8980
TCGAATCTTGCGTTAC-1,18482,6816
TCGAGTGGTAGGTCAC-1,15340,9802
TCGATCGTTGTCTGAA-1,8911,8477
TCGCACCTCATGTCAG-1,8571,6476
TCGCACTTCAGTGACA-1,20746,6125
TCGCCGTATCATGCTT-1,17773,10211
TCGCCTAATGACCGGT-1,20917,6826
TCGCGACGTGGTAAGT-1,20388,8523
TCGCGGTAGTATGATC-1,9261,7878
TCGCTTACTCGCAAGT-1,19172,8218
TCGCTTGTTCCAGTTG-1,18297,9713
TCGGAATCAGCCTAAC-1,9782,7980
TCGGACGGCCGAGGAA-1,18472,9414
TCGGACGTTGCCTCAG-1,8919,6478
TCGGACTGCCACCTCC-1,16739,7808
TCGGAGCGTTACCTCG-1,17601,9711
TCGGAGGCTGTAGTTG-1,20571,6424
TCGGCGACCTCGCTGA-1,18641,10514
TCGGCGCAGAATGTCT-1,15168,9301
TCGGTATCTAGTATAC-1,20918,6426
TCGGTGTCTAACCAAG-1,11688,9687
TCGTAAGGCGTTCAGG-1,9091,6978
TCGTATCAACAGCACC-1,9602,9479
TCGTATCACGTTATGA-1,12219,7590
TCGTATCCTGATGCAA-1,8913,7877
TCGTATGCCGGACGTT-1,16902,10707
TCGTATTAGATCCGGT-1,19697,7520
TCGTATTCTGAGTGGC-1,17433,8211
TCGTCAAGCCTAATCT-1,10303,8282
TCGTCATCGTACCAAT-1,20224,6023
TCGTCCAGCATGGCTT-1,14825,8100
TCTAACTCTATGTTCT-1,10125,9181
TCTACACTAATTACTC-1,16735,8808
TCTACACTGAGCTTCT-1,10126,8981
TCTACAGGTACGCAGT-1,16216,8106
TCTACATGAATCTGAT-1,18135,6615
TCTACATGTCCGACTT-1,15690,9203
TCTACTCCGACTCGGC-1,16040,8605
TCTACTCGAGCAGAGG-1,18816,10415
TCTAGATAAGGTTAGC-1,16905,9908
TCTAGCGACACCGAGC-1,19164,10217
TCTAGCTTATTCGCCA-1,19876,6222
TCTATTCTGCATTGGC-1,13253,9793
TCTGATCATAATGATT-1,19873,6821
TCTGCAAGGACGGCAA-1,16391,7807
TCTGCAGTAGTTATGA-1,7521,8071
TCTGCGCTTGCAGATA-1,8745,6377
TCTGCGTGCTATTCTA-1,13599,10394
TCTGCGTGCTTCAGAC-1,15167,9701
TCTGGATATTAACCTA-1,11699,7089
TCTGGTAGTGCAGCAA-1,7877,6074
TCTGTACCTCACTCGC-1,8573,5877
TCTGTACGCTGTCCTC-1,13252,10193
TCTTACCGCTCGTATG-1,14987,11000
TCTTACGAATCAGTGC-1,10479,7783
TCTTACGAGGCCGACA-1,9615,6281
TCTTAGTCGTCTCGGC-1,14130,8098
TCTTCGAACAGCGTTA-1,16382,10206
TCTTCGCCATTCGAAT-1,13950,9396
TCTTGAGCGGCAACGC-1,20911,8225
TCTTGCACGTCTAATG-1,19516,9219
TCTTGCACTGGTGCTC-1,19001,7518
TCTTGCATAGACAATA-1,20734,9124
TCTTGCCGGAGCCAGA-1,20739,7924
TCTTGCGGCCTTAGTG-1,8054,5375
TCTTGCTGTCCTAGGC-1,18643,10115
TGAACGGATTCAAGTT-1,18991,10116
TGAAGCACCGTCATGA-1,15520,8303
TGAAGTATGATCGTGC-1,13606,8595
TGAATATGAGCCGGTG-1,8051,6174
TGACAGTACTATTCTA-1,17950,9512
TGACCAACTTGGTCAA-1,8217,8074
TGACCAAGCTGCACAT-1,10652,7884
TGACCAAGTAAGGACC-1,18473,9015
TGACCAATCAGCCACG-1,12384,9690
TGACCAGCACTCCAGC-1,14814,10899
TGACCAGGTATGACCT-1,10992,9884
TGACCATCCATCTGCT-1,19867,8420
TGACCATCCGCCACGT-1,20909,8824
TGACCTCCTTCAGATT-1,17612,6912
TGACCTGTCTATCTCG-1,19000,7717
TGACGCTCACCAAGCC-1,10132,7582
TGACTCTGCTCGCACG-1,16740,7608
TGACTTGCACTCACGG-1,10654,7484
TGAGACAAGGACGACC-1,16033,10404
TGAGACAGAAGTGCTC-1,13603,9395
TGAGACTATTGAATCT-1,17436,7611
TGAGGTAGGACTACTG-1,13435,7895
TGAGTACGCTGCTCAG-1,20216,8222
TGAGTGAGATCGCTAA-1,10998,8285
TGATCGGACCTGGATG-1,16212,9105
TGCAACAGTGAAGCTC-1,11525,7188
TGCAACGTTACCTGGT-1,14995,9001
TGCACGAGTAGAGTTA-1,9952,9080
TGCACGAGTGTCAGCC-1,15685,10603
TGCACGGCTGGTAAGG-1,19865,8820
TGCACGTAGTTCGAAG-1,15516,9303
TGCAGACAATACTGTT-1,15347,8003
TGCAGAGCCTTGCCGG-1,20384,9522
TGCAGTCGAGCACCAA-1,17428,9410
TGCATAAGTTCCTGAA-1,7536,4273
TGCATTCGCTACAATG-1,17263,7311
TGCATTGATAGACATA-1,7702,6373
TGCATTGCTGTCGGCG-1,14997,8601
TGCCAATCCATGTCTA-1,11696,7688
TGCCGAATCAAGCGTC-1,9267,6279
TGCCGAGTTAAGAACG-1,16913,7909
TGCCGGCATTATAGAT-1,17770,11011
TGCCTAAGTTAATTAT-1,13954,8397
TGCCTATGGACTGGTC-1,20041,8321
TGCCTTAGGCGTCTAT-1,18303,8114
TGCGAATCCGGCTTGA-1,8402,5376
TGCGAATTCTCCGCAC-1,13946,10396
TGCGATACGCCTCGCA-1,8052,5775
TGCGCCGATCGCGAAG-1,10831,6585
TGCGCCTCTTCGGCGA-1,19527,6420
TGCGCTCATAGAACGA-1,15512,10302
TGCGGACCATGGTACC-1,19513,10018
TGCGGACTCACGTGAT-1,13084,8493
TGCGGACTTCTGTCGC-1,17436,7411
TGCGTGTCAGCCAGTG-1,17785,7213
TGCGTTATGTTCCGGA-1,13949,9796
TGCTACGCTGCGTGGA-1,8739,7976
TGCTATAATGTCGCTG-1,18291,11113
TGCTATCCATGTAATA-1,13256,8994
TGCTATCCTAAGACGA-1,9087,7978
TGCTGTCTTGTTAATG-1,16903,10308
TGCTTAGTTGACTTAC-1,19004,6718
TGCTTATGACGCTGGC-1,15686,10203
TGGATCCAGTCACTTC-1,13945,10795
TGGCCAACATTCTGAG-1,11003,7086
TGGCCACTCCTGAGTG-1,18118,11012
TGGCCAGATCCGGACA-1,15865,9104
TGGCCTGACATACTCA-1,14305,7599
TGGCGAATTCTATGGT-1,20218,7622
TGGCGACACTGCCGGA-1,11174,7786
TGGCGAGCTCCACGTG-1,8740,7776
TGGCTCCGCATCAGAT-1,12039,9089
TGGTACAAGACACTGA-1,18131,7614
TGGTACCAGATTGTTA-1,9438,7179
TGGTACGGACGTAGTT-1,12732,9691
TGGTACTGACCGCTGC-1,20212,9221
TGGTAGACGTATTAAT-1,8393,7575
TGGTAGCATCAAGTCT-1,13608,7996
TGGTAGCCAGTTGACA-1,11171,8586
TGGTATGCAAGTCTAT-1,12210,9789
TGGTCATCTAGGTCAT-1,8401,5576
TGGTCGCCGGCTTACT-1,15172,8302
TGGTCTGCTCAGGTTG-1,16738,8208
TGGTGCGAGGTCGTAT-1,11340,9886
TGGTTGGTATCGGCAT-1,19870,7621
TGTAAGATCTTCACAT-1,14297,9598
TGTAAGGTGAGCGACC-1,15694,8204
TGTAATCGAGACTGGC-1,19703,5921
TGTAATGCACTACGAG-1,18468,10414
TGTAATGCCTAACACC-1,19354,6320
TGTAGCCGTACATAAC-1,20217,7822
TGTAGGCAGGTCTAGC-1,20387,8922
TGTATGATTGTAGGTG-1,18830,6817
TGTCAACTCATCAACG-1,11353,6687
TGTCAACTTATTCAAT-1,20732,9523
TGTCAAGAACTCGGCG-1,7706,5373
TGTCACAGACGTATCC-1,19348,7719
TGTCACTAGCTCAGAC-1,20395,6923
TGTCAGTGGCTTCCAT-1,17085,8209
TGTCCTTCGCCTCGTA-1,7879,5474
TGTCTAAGCAGACGTA-1,9610,7680
TGTCTGTAAGCGAACT-1,10647,9083
TGTTACCTATTGGACA-1,16914,7509
TGTTGCGTCCAAGATT-1,16391,8007
TGTTGGAACGAGGTCA-1,12388,8690
TGTTGGATGGACTTCT-1,9787,6781
