barcode,X Coordinate,Y Coordinate
CTCCAAGTGAGCCAAT-1,3874,7538
ACTGAGCAAGAACACG-1,4074,7537
TGCATAAGTTCCTGAA-1,4273,7536
GGCATCGAACCTCATA-1,4473,7536
AAGCGAGCCGTCCGCT-1,4673,7535
GCGGTGGACATCAATC-1,4873,7534
CTCCAGTGGTTCTAGG-1,5073,7533
CTATCGATCACGATTA-1,5273,7532
ACTACCTTGGTTGACC-1,5473,7532
GTACGAAGGCGTCTAT-1,5673,7531
AAGGTTACTATGACGC-1,5872,7530
CGTACATCGATGTCTT-1,6072,7529
CGGCTTCCTACTGGTT-1,6272,7528
TCAGTCGAGCGATGAA-1,6472,7528
GTCCGTACGGATGCTC-1,6672,7527
CTACGCCGCATGAATG-1,6872,7526
GTACTTCCATCTGGCA-1,7072,7525
ATGTTACCTCGTCTGT-1,7272,7524
GGTCTGTATCTTGTCG-1,7472,7524
ACGCAAGGCGTCCAAT-1,7671,7523
CCACGCCTGGAGAAGT-1,7871,7522
TCTGCAGTAGTTATGA-1,8071,7521
GTTGACGCTCGATGGC-1,3974,7712
CTTCCGAGACATTGAT-1,4174,7711
CGCCTCGGCTACTCGC-1,4374,7710
TAGTGCACTTGTACCG-1,4574,7709
CACGAACGGTCTTCAG-1,4774,7708
GACGCCGAACTTCCGT-1,4974,7708
CGCTCGTTATAGATCT-1,5174,7707
TGTCAAGAACTCGGCG-1,5373,7706
GGCCATGCGTCTGTCG-1,5573,7705
ACAGAATACATACTAA-1,5773,7704
GGTGTCATACTATTAG-1,5973,7704
CATCGGATACGCACAG-1,6173,7703
TGCATTGATAGACATA-1,6373,7702
GACATCAGATTCTTAC-1,6573,7701
CTTCCTGGTGTTGGAC-1,6773,7700
CAGTCTGGACAATCTA-1,6973,7700
TCAGTCTGAGTGCTTG-1,7172,7699
CCAATATTAGTGCGTT-1,7372,7698
CTGTTGGATCAACGCA-1,7572,7697
ACTCGACGTACACGCC-1,7772,7696
GTACTTGGTTCGCTTA-1,7972,7696
ACAATATGAATCATGA-1,4275,7884
TCATCCGATTGAATTC-1,4475,7883
ACGCATCGTCGAGCAG-1,4675,7883
ATTACTTGAGCAAGAT-1,4874,7882
GAGTCGAGCGTGCTTC-1,5074,7881
ACTTGAGCACGAACAT-1,5274,7880
TGTCCTTCGCCTCGTA-1,5474,7879
GTCTATTAAGCACTTA-1,5674,7879
GATCATCGGTGCGTTC-1,5874,7878
TCTGGTAGTGCAGCAA-1,6074,7877
GGCGTGCGCTAGATTA-1,6274,7876
TACGTGAGGACAACCG-1,6474,7875
CCGGTGGCAAGCCGTA-1,6673,7875
AGCTGATCGGATTGTT-1,6873,7874
TACGCTGATAGCAGTC-1,7073,7873
GCGTAATTCTTGCCTT-1,7273,7872
TACACCGGTATGTATC-1,7473,7871
CTTAGTTCACCGCCAG-1,7673,7871
GTCTTGCTTGATCCAC-1,7873,7870
ACGCAAGCTCCGCTTA-1,8073,7869
GTTATTGTACGTATAC-1,4176,8059
CCTCGGCGCCGATTGA-1,4375,8058
GTAGCGCTAGATCCGT-1,4575,8057
AGACCTGATAACAGTG-1,4775,8056
GGTTGATAAGTACCTG-1,4975,8055
TCCAATGCAAGTATCT-1,5175,8055
TCTTGCGGCCTTAGTG-1,5375,8054
GGCGCCGTGGTTACAT-1,5575,8053
TGCGATACGCCTCGCA-1,5775,8052
TAGGAGCCAGACTCAG-1,5975,8051
TGAATATGAGCCGGTG-1,6174,8051
CCGGATCACTATGGCC-1,6374,8050
ATTGCAATTATGGTTG-1,6574,8049
GCCATTCTTGCAACCA-1,6774,8048
GATGCCACATTATCAC-1,6974,8047
GCCATTGATACTCAAG-1,7174,8047
ATCAATGTCAACTCGG-1,7374,8046
CCTTATAGGCGAATAC-1,7574,8045
GCGAGGTGCTACCTCG-1,7774,8044
ATTGTTATCGTAATAC-1,7973,8043
GGTGCATCCAGAACGG-1,4476,8231
TAAGATTAGATATTCC-1,4676,8230
CAATGCAGATCATAGA-1,4876,8230
TAGTGACCAGTTGCGG-1,5076,8229
TAGACAATACTGGAAG-1,5276,8228
GCTCGGACCTTCAAGT-1,5476,8227
GAGGCCATGGCTCGGA-1,5675,8226
AGGATAGAGTTAATCA-1,5875,8226
CTGCATTGAGCACGGA-1,6075,8225
AGCCAGATCAAGATTC-1,6275,8224
AAGTCTTAATAGAACT-1,6475,8223
CACGATAAGGCCTAAG-1,6675,8222
AGACCGAAGACTACTC-1,6875,8222
GGTCTGTTCACTAATC-1,7075,8221
ACTCCTGCGGCAACCA-1,7274,8220
GTGAGGATCTCAGCCT-1,7474,8219
CACTCAGAGCAACCGG-1,7674,8218
ATAGCTGTGAATCGGC-1,7874,8218
TGACCAACTTGGTCAA-1,8074,8217
GAAGTTCTGCAGTTCT-1,8274,8216
CTGCCTATACATCCAT-1,8474,8215
GTGGTTGCACGCGGCA-1,4377,8406
ACCTGCACTAGATGGC-1,4577,8405
CTTACGCAGAGGCTCG-1,4777,8404
GGAATGCACCTCAATA-1,4976,8403
ATGACCTCACGCACTG-1,5176,8402
TGCGAATCCGGCTTGA-1,5376,8402
TGGTCATCTAGGTCAT-1,5576,8401
CTACTCGGCGTCTAAT-1,5776,8400
ACTGATGTCCACTCGC-1,5976,8399
AACTTGCTCGTAACCG-1,6176,8398
CCAGTTGTGATGCAAG-1,6376,8398
AATAACTCTAATACAG-1,6576,8397
CGTTGGTGGCGTCTGC-1,6775,8396
AACTGCAATACGGATT-1,6975,8395
CATTGTCGGTCGCTAG-1,7175,8394
GTTCATTGCCTGAATA-1,7375,8394
TGGTAGACGTATTAAT-1,7575,8393
ACTGAGGATAGGCGCT-1,7775,8392
CCTACGGTAAGACTCG-1,7975,8391
CTTCACAAGTTCCTCA-1,8175,8390
AGCATCCTGACAGCCG-1,8375,8390
GACTAGGCAGACTTGG-1,8574,8389
GAAGCTGCCTCGTGAG-1,4477,8579
ACTTGAATGTATTGGA-1,4677,8578
TACCTCAGCGGTTGAT-1,4877,8577
ACGGCCTGGCTAAGTT-1,5077,8577
GTACGGTTAATGCAGG-1,5277,8576
AGGAGTACAGTGCATA-1,5477,8575
GAATCATTATGAGCTG-1,5677,8574
TCTGTACCTCACTCGC-1,5877,8573
TAGTGCGTGGAGAAGT-1,6077,8573
CTGAAGCGTGGTGAAG-1,6276,8572
TCGCACCTCATGTCAG-1,6476,8571
CCAACTTGCGTTAACC-1,6676,8570
AAGATGCACTATACTT-1,6876,8569
GGTTGACCATTGCTGT-1,7076,8569
GTGGCGCCAACAGCTC-1,7276,8568
GGTTAGATGAGTCTAA-1,7476,8567
GCCTTAATTGACGGAT-1,7676,8566
AACTGGTCATGTGGTT-1,7876,8565
TCATCCTAGGACTCGC-1,8075,8565
CGACAAGCACTCAGCC-1,8275,8564
CCTTAGCGTTCGCAGG-1,8475,8563
ACGAAGCCACCTGAGG-1,8675,8562
CGCTTGCTTGGTCTGG-1,8875,8561
GTCGAGTGCTCCTTCG-1,4578,8753
ATCAATGGTTGTACCT-1,4778,8752
TCCGAATACCGAATAG-1,4978,8751
CATCCTTCGACTAAGT-1,5178,8750
AACGACATTAAGATGG-1,5378,8749
ATCGAATCTAGCAGAC-1,5578,8749
TCCAGTCACGGTGGCT-1,5777,8748
CTGACTGGTCTACCTT-1,5977,8747
GCATTGCTGTTCCATC-1,6177,8746
TCTGCGCTTGCAGATA-1,6377,8745
ACATCTCGCATAGAAT-1,6577,8745
AACTAGCCTAATAGCA-1,6777,8744
ATGTGCTAACATCGAA-1,6977,8743
ACTGATACTCCATTAC-1,7177,8742
GTAACCACCTACAACC-1,7377,8741
TCCAGATCTTCGCTTA-1,7576,8741
TGGCGAGCTCCACGTG-1,7776,8740
TGCTACGCTGCGTGGA-1,7976,8739
AGGAGCAGCGTTAATA-1,8176,8738
TAGCGTCTCGGTCTAT-1,8376,8737
CTTCCACGATCCTGTA-1,8576,8737
TAGCGTACGGAGCGCC-1,8776,8736
GCCGCACTTCGTCTAT-1,8976,8735
CTGCCTAGTGAATAAG-1,9176,8734
AGCATAATTCCAGATA-1,5278,8924
CTAGCCGATTCAATGC-1,5478,8923
TAGTGCAGCTGGCGTC-1,5678,8922
CAAGTCTTGGCGATAG-1,5878,8921
AGCATTAGACGGATTG-1,6078,8920
ATTGCCTTGTCTAAGT-1,6278,8920
TCGGACGTTGCCTCAG-1,6478,8919
AGGATACCTCCGAGCG-1,6678,8918
ATACTGGACCACAGCC-1,6877,8917
ACAACCTTGGTGTCAA-1,7077,8916
ACGCGTAGACTCAACT-1,7277,8916
CATTGCAGCGAAGACC-1,7477,8915
CTGACTGGTATGATAA-1,7677,8914
TCGTATCCTGATGCAA-1,7877,8913
CTAGCACGCCAAGCTT-1,8077,8912
GGACGGCTATCGACCA-1,8277,8912
TCGATCGTTGTCTGAA-1,8477,8911
CATATCCGTTCACCTC-1,8676,8910
CGGTCCATGCGACTCC-1,8876,8909
AGCAATAACAATTCCA-1,9076,8908
AGGCGATTCCACTTCT-1,9276,8908
CGGCTGTACATGATGT-1,9476,8907
ATCAATCTGCAGGACC-1,5379,9097
CTCACCTTATCTCCTT-1,5579,9096
CTGATTAACGCAAGAA-1,5779,9096
TACACTCAGTAGAATG-1,5979,9095
TACATAGCAGACCAAG-1,6179,9094
GATACCTCGCGACTGC-1,6378,9093
CCGTGGCGTCGGTGCT-1,6578,9092
TAACCAAGGTGCTCTA-1,6778,9092
TCGTAAGGCGTTCAGG-1,6978,9091
ATTAGTCGTGTTATGC-1,7178,9090
AGATGAGGCGCCTCCA-1,7378,9089
TAACGAATGCTCCAAT-1,7578,9088
ACAGGCATTGAACCAT-1,7778,9088
TGCTATCCTAAGACGA-1,7978,9087
GGTTCAAGGTTAAGCC-1,8177,9086
CCGCATAGTACAGGTT-1,8377,9085
GGTCATGCTCTGCCAA-1,8577,9084
CGTTCCTGTCACCGTG-1,8777,9084
CGCAGATATGGACAGT-1,8977,9083
GTTGTCGTAATATGGA-1,9177,9082
GAGTAGATACGTCAAC-1,9377,9081
GGTTAGTCGGCAGCGA-1,9577,9080
AAGGACCAACATGGCT-1,5680,9270
CGTGTTGGACGTCTGG-1,5879,9269
TATCCGATCTTGGCGG-1,6079,9268
TGCCGAATCAAGCGTC-1,6279,9267
ATTGACGCCACCTTCT-1,6479,9267
AATGGTCGATACTCGG-1,6679,9266
GAGGTGCGGCTGACCA-1,6879,9265
GATGCCGACAGATATT-1,7079,9264
CTTCATGCCTAGACGG-1,7279,9263
ATAGTTCATCGGATCT-1,7479,9263
ACTATTGCGAGCTAGA-1,7678,9262
TCGCGGTAGTATGATC-1,7878,9261
TCAGTCGAAGTATCTA-1,8078,9260
GGTTGCGATTGAACAG-1,8278,9259
GCCGATCTCGTGACTC-1,8478,9259
CAATCCGAGGTGCTAG-1,8678,9258
GCAAGCTTATTGACGT-1,8878,9257
ACGAACATAGGATCGG-1,9078,9256
GTCTAAGCGGCACGCC-1,9278,9255
CTGCCTGTGAGCCAGG-1,9477,9255
TACAAGTCGAATGCAA-1,9677,9254
AGTGTAAGCCGAACAA-1,13475,9239
AATTAGCAACCGTTCC-1,5780,9443
CGACCAGAACTGTCAT-1,5980,9443
CGAGGCATCCAAGTCC-1,6180,9442
AGCACGATACCTAAGC-1,6380,9441
GAGTTGGTATTAATAG-1,6580,9440
ATGTGCTTGTGCTACC-1,6780,9439
GTAATGATCACGTAAG-1,6980,9439
TGGTACCAGATTGTTA-1,7179,9438
TAGGCATCGGAGCCTC-1,7379,9437
CAGCGATAATGCGATT-1,7579,9436
CTACGAATCAGCCTGG-1,7779,9435
GTAACCTAGCGTCACG-1,7979,9435
GACCAATTGCGTCAGA-1,8179,9434
TCCTATCCTGTCAATA-1,8379,9433
GTGAATTAGACATTGC-1,8579,9432
GTGGCGACCTAATATT-1,8779,9431
CAGTAATATCACTACG-1,8978,9431
AGCGGTTAATCGAAGT-1,9178,9430
AGACTCGACTCCTAAT-1,9378,9429
ATCGTACAACTGGCTA-1,9578,9428
AACTGCGGTCCGAAGC-1,5681,9618
CTGATTACAATGTCCA-1,5881,9617
TAGGTCTGCCTCTGTA-1,6081,9616
TCTTACGAGGCCGACA-1,6281,9615
CTAGCCGAAGATGGAC-1,6481,9614
GACAATGACAAGCTTA-1,6680,9614
CTTAGTGGCTAAGACG-1,6880,9613
CGGAGGCTAGTCGGCA-1,7080,9612
GCAGCGATCTAACGAA-1,7280,9611
AACTGCGAACCTTACC-1,7480,9610
TGTCTAAGCAGACGTA-1,7680,9610
TATGCTCCTGGTTAGT-1,7880,9609
TAGCTACCTGTAGGAT-1,8080,9608
GTCTTCGATAGGTGTT-1,8279,9607
GTCAGCCATTGTGCGG-1,8479,9606
GCCATTCTCGTGTAGA-1,8679,9606
CCTAATAGCGGACAGA-1,8879,9605
GTGCGTTCACGGATAA-1,9079,9604
AGTTAGAAGGACGAAT-1,9279,9603
TCGTATCAACAGCACC-1,9479,9602
CTACTTATGAACATAA-1,9679,9602
ATCATTCCAACTTCGC-1,5782,9791
GTGACATATGCTAGAT-1,5981,9790
CAGCTTCACTACCGTG-1,6181,9790
GACTAGATTAGCTAAC-1,6381,9789
CTTCTGAGCCAGGAAC-1,6581,9788
TGTTGGATGGACTTCT-1,6781,9787
GTAGCGCCTGAACTCA-1,6981,9786
GGTTACAGCCGGCCGG-1,7181,9786
ACGAAGCTCATCCTCG-1,7381,9785
CCGCTCAATCTGGAAC-1,7581,9784
TAGACCGAAGCAGAGC-1,7780,9783
TCGGAATCAGCCTAAC-1,7980,9782
GATCGTAACATTAATA-1,8180,9782
AATTAGCTTAGGTGTA-1,8380,9781
CGTAGCCTTGAGCAAG-1,8580,9780
CATGCATATTCTGCCT-1,8780,9779
TCCTTCCAACCGCAAC-1,8980,9778
CTTCGATGGACGTACC-1,9180,9778
GCAGCCGGATGCCGCA-1,9380,9777
ATACATCACTGTCCGG-1,9579,9776
ACTGTATTCTAGTCCA-1,9779,9775
TAGTGACCGTCGATTA-1,5682,9965
AAGGTTGCTGAGTTGA-1,5882,9965
GATGCCAGACATAATG-1,6082,9964
GGTACGCTTACCTGCG-1,6282,9963
ACGCAATAGTATACGA-1,6482,9962
AACTATCTAGCAGTAT-1,6682,9961
GGACGTAGTGTAGAAG-1,6882,9961
GTACCTTCATGTGCAA-1,7082,9960
CAGTCTGTGGCGCTGC-1,7281,9959
TAAGCCACAATTGCCT-1,7481,9958
CTAGCGCCTAGCTTAA-1,7681,9957
CACTACAATATTGCGG-1,7881,9957
ACCGTAGGCGGAGGTT-1,8081,9956
TCAAGGCCATAGCCTG-1,8281,9955
CCACGTGGACTGCGGT-1,8481,9954
TCCTATCCTCGAATCA-1,8681,9953
GGAAGAATAACTAACC-1,8881,9953
TGCACGAGTAGAGTTA-1,9080,9952
CCGGCATAGGCAAGTG-1,9280,9951
CAGCATCCTCGCCACT-1,9480,9950
AACCTGACAGTGCCGC-1,9680,9949
ATTGGCCTTCCGTGCA-1,5783,10139
CCGGCGTCCTCATTGT-1,5983,10138
TAGACATGGTTAGGTC-1,6183,10137
GCTTGAGCTCTTGACA-1,6383,10137
CGTAACCTGACATCGA-1,6583,10136
CACTGGATCGATACGA-1,6782,10135
AAGGCATGAACAGCTC-1,6982,10134
AATACGGTACGGCCTA-1,7182,10133
AAGTGGTTCCTCGCGT-1,7382,10133
TGACGCTCACCAAGCC-1,7582,10132
GCAAGCACTACCGCCA-1,7782,10131
TACAAGTGTCTGTCCG-1,7982,10130
TCAGTTCAGAATCTCG-1,8182,10129
CAATAATCGTAGGATA-1,8382,10129
CGTACAGGCCGCACTG-1,8581,10128
GGCACGACGGACGTCG-1,8781,10127
TCTACACTGAGCTTCT-1,8981,10126
TCTAACTCTATGTTCT-1,9181,10125
ACCATAACTCCTCGTA-1,9381,10125
GGACTCACGGTCCAAT-1,9581,10124
CAAGTACTCCGCATCG-1,5884,10312
CAAGTGTTGACGGCCA-1,6084,10312
CTACGCTACATCTGTT-1,6283,10311
AGCAGGTAAGTATCTG-1,6483,10310
CATGCAGAAGTCAGGA-1,6683,10309
GTACTACCGTTAGGTG-1,6883,10308
ATTCCATTGTGAACGC-1,7083,10308
CTATCGAGATGCCTAC-1,7283,10307
ACGGCTTAACGATAGT-1,7483,10306
ATCTACAGGAGTGCAC-1,7683,10305
TCCAACTGGCTGAAGA-1,7883,10304
AAGCGTTCGTCTGTCC-1,8082,10304
TCGTCAAGCCTAATCT-1,8282,10303
GGAGTCTAAGGCCGCT-1,8482,10302
GTATGCTTGCGACTAA-1,8682,10301
ACGGCTTACGTATGCC-1,8882,10300
GGCAATGCGAACTTAA-1,9082,10300
CTTAGTGCGTTGACGC-1,9282,10299
CACCAGGCACGCTATC-1,9482,10298
ATCCGAGTACAGGAAT-1,9681,10297
TACGGAACAGACGCGG-1,6384,10484
GGCCAAGATGGATGGC-1,6584,10484
CGCACTAACTACCGGT-1,6784,10483
AATTCTCAGACGCAAC-1,6984,10482
GCCGATCGAGTGAAGT-1,7184,10481
CTCACCTTCTGAAGTA-1,7383,10480
CTGGCGCACTTACTGA-1,7583,10480
TCTTACGAATCAGTGC-1,7783,10479
CGCACGGCTGTCAGGT-1,7983,10478
AGCACGGAGGCAGTCA-1,8183,10477
CTGGTTGGACATCACC-1,8383,10476
TCATGATTCTGATACT-1,8583,10476
ATGTGAATCCATACGA-1,8783,10475
GGACGGTGCAGTAGGA-1,8983,10474
ACCAAGCACTTGCGCA-1,9182,10473
GAGTTAATCTCGTTAT-1,9382,10472
TACACTTCGAGGTGAC-1,9582,10472
ATCCACATGTTGGACC-1,9782,10471
CACCGAGTCTTGGACA-1,6485,10658
ACGCAACGAAGAGTAT-1,6685,10657
CGAGCTATGTCCTCGC-1,6884,10656
AATAACTCTACGATGT-1,7084,10655
ACATCGCCACAAGAGG-1,7284,10655
TGACTTGCACTCACGG-1,7484,10654
ACGGTTACATCCGAAG-1,7684,10653
TGACCAAGCTGCACAT-1,7884,10652
ATTCAGCTCCTACTAA-1,8084,10651
CGGCATTATCGCGTGG-1,8284,10651
AAGCAGTGTAGAATCT-1,8484,10650
AAGTCTACCGGTTGGA-1,8683,10649
GGAGTGTCCATGTATT-1,8883,10648
TGTCTGTAAGCGAACT-1,9083,10647
GTGACTTCCTCACGAC-1,9283,10647
TACTATGTTGAATCTT-1,9483,10646
GTTAGGTACTAACTGG-1,9683,10645
GCCTGTGACACCAGAA-1,9883,10644
TACATATGCACCAGTG-1,6385,10832
TGCGCCGATCGCGAAG-1,6585,10831
CTATTAGCGGCTTCGT-1,6785,10831
GGTACGGAGCATCAGC-1,6985,10830
CCTAACTTATGTTGGA-1,7185,10829
GTATGATAGTATGGAT-1,7385,10828
AATGCAATCACTGTCG-1,7585,10827
ATCTTGGCTTCGTCCT-1,7785,10827
GACGGCTTAGGTGCGA-1,7985,10826
ACGGTTCGTCCGACCG-1,8184,10825
GTAATCACGCACAGCT-1,8384,10824
AACTCACCGAACTTAT-1,8584,10823
GCTTGCCATAGTGGAT-1,8784,10823
CTACAGAACCAGTTGA-1,8984,10822
GGCTTGCCATAGGCTC-1,9184,10821
TCCATGCGTCCACCAG-1,9384,10820
GTACGAAGGATTATTG-1,9584,10819
TCAGTCAGCGATCAGA-1,9784,10819
TATCTAGTCGCATGCA-1,6686,11005
ACCTGCTTATAGTTCG-1,6886,11004
TGGCCAACATTCTGAG-1,7086,11003
CGTACAGACGAGGACC-1,7286,11002
TATCCTGCGGTTGATC-1,7486,11002
CTCGCTGTTCATAGAT-1,7685,11001
AGAAGTTGAGCGCAAG-1,7885,11000
ATTATCACAACTCGGC-1,8085,10999
TGAGTGAGATCGCTAA-1,8285,10998
GCCTCCTGCGGCCGTT-1,8485,10998
AAGGAGGCACTCAATT-1,8685,10997
TCAGCTACCAACTCCG-1,8885,10996
ACAGCCAGGCATAAGC-1,9085,10995
ATCCGAGTACCACGTG-1,9284,10994
CATCAGGTGCCTGATA-1,9484,10994
AGGACTAGGACCGCAG-1,9684,10993
TGACCAGGTATGACCT-1,9884,10992
ATCGGCTCTATGCCTC-1,6587,11179
AGCCGTATCTTCGTCT-1,6787,11178
TAGGCGAGCGATCGGT-1,6986,11178
ATTCACGCTGTTATCG-1,7186,11177
GAGTCTGACTATAGAA-1,7386,11176
GGTTCTGGAGTCTACC-1,7586,11175
TGGCGACACTGCCGGA-1,7786,11174
GGATAATTCAATGCTG-1,7986,11174
GTGCCTGACACGTTGG-1,8186,11173
TACAAGCGGAAGTACG-1,8386,11172
TGGTAGCCAGTTGACA-1,8586,11171
GCAACATACATCAGCA-1,8785,11170
AACGAAGCGTGGAAGT-1,8985,11170
TACATCGTCAGCGGTT-1,9185,11169
GTCTTGCTGGACGATA-1,9385,11168
CACTACTGGCTGAACC-1,9585,11167
GGAGATCCTGTACCAG-1,9785,11166
TGTCAACTCATCAACG-1,6687,11353
ACTAGATCTGAAGCGG-1,6887,11352
GTATTCGTGACTTGAT-1,7087,11351
GCTACCATCCTGTAGA-1,7287,11350
TAATGTGCACGATCTG-1,7487,11349
ATTCTAGGACATCAGT-1,7687,11349
CATTAGGATAGTGAAT-1,7887,11348
AGGACTGGATGAAGAC-1,8087,11347
ACTCGATTGATATCCA-1,8286,11346
GTCTAATACGGCTAAG-1,8486,11345
CGGCAACCACTAGCAT-1,8686,11345
GTACTTAACTTCAGCG-1,8886,11344
GGTACCAGGTAGTGTT-1,9086,11343
TCAGGATACACTACAA-1,9286,11342
AGTGTCTAGGCTAATA-1,9486,11341
AGTTCGGCACATACGG-1,9686,11341
TGGTGCGAGGTCGTAT-1,9886,11340
TCATTGATAGACTTGC-1,6788,11526
AGTATTCGTCGGTATC-1,6988,11525
TGCAACAGTGAAGCTC-1,7188,11525
CTACAACCGCTGTCTA-1,7388,11524
GGACAGTGCGGCAACA-1,7588,11523
CCTAATCCACAAGGAT-1,7787,11522
CATAGAACATTGAACA-1,7987,11521
CCGACAGACTGTGCCT-1,8187,11521
CTGACTGTGGCCGGTT-1,8387,11520
CACGTCAAGTGCGATC-1,8587,11519
ACGGCTTGTTCAATCG-1,8787,11518
AAGTGGCGAGTGTACA-1,8987,11517
TAGTATCCAATTACGT-1,9187,11517
CTAATGAGCGAGGCTA-1,9387,11516
TAACATGGCCACCTCC-1,9586,11515
ATTCATAGCGAAGCGT-1,9786,11514
GACTGCGGTCTGCGTG-1,9986,11513
CGCTATTATGATACGT-1,6689,11700
TCACATTGTCGGTGAC-1,6889,11700
TCTGGATATTAACCTA-1,7089,11699
AACTAGCACTGTTCGA-1,7288,11698
CTGGAATGGATCAGCA-1,7488,11697
TGCCAATCCATGTCTA-1,7688,11696
AGCCTCCGAACTACCA-1,7888,11696
CACGCCACAATCGCAC-1,8088,11695
ATTCGCTCGCGGAGGC-1,8288,11694
CAGCTCCTCGGATTCT-1,8488,11693
GCTTCTTGGACGAGCG-1,8688,11692
AGCGTGCGCCTGATCG-1,8888,11692
GCGTCGGAATGCTGCC-1,9087,11691
GTATTCCAAGTTACCT-1,9287,11690
CTCCTTATCTTAAGAC-1,9487,11689
TCGGTGTCTAACCAAG-1,9687,11688
CTTAGTCTCGACAACT-1,9887,11688
ACCGGCTATCGTGCGG-1,10087,11687
GGATCGCTGGCATATT-1,6789,11874
GCTTGCTTACTTAACG-1,6989,11873
GCCACTATAGACCATA-1,7189,11872
TCCGGCTCTATGGACA-1,7389,11872
GCTCGGAGATGAATGT-1,7589,11871
GGCATAATCCTATCGC-1,7789,11870
TAGACCGGCCAGTACG-1,7989,11869
GAACTAACTCTACGTG-1,8189,11868
GTGAACATTCAACGAT-1,8388,11868
CACGTAGGTAGGCTGA-1,8588,11867
GGTAGCCATCAATCCG-1,8788,11866
TAACGAGTTGCCAACC-1,8988,11865
GTCAGTGAGGATCGTT-1,9188,11864
ATTCCGGTTACATACC-1,9388,11864
CAGTATGCGTGGCGCT-1,9588,11863
ACTATTAGACAGGCTG-1,9788,11862
GCATTGGTTACCAAGC-1,9988,11861
TCCTGATAAGTGCCGT-1,10187,11860
ATACTGGAGGATAACG-1,6890,12047
AACTAGCCTTGCAATA-1,7090,12047
CCGCGTCGTTGGTCTG-1,7290,12046
ATGTACTACCGACTTC-1,7490,12045
TCCAGTACGTGCTATG-1,7690,12044
GAGCCTCACGTATGTA-1,7889,12043
CTTCCGTCGCTGCATC-1,8089,12043
ACGGCTTCCATCGGAA-1,8289,12042
AGTACCGTTGTACGCC-1,8489,12041
CCGTGAAGGATAACAG-1,8689,12040
GAGGATGATAGGAAGG-1,8889,12039
TGGCTCCGCATCAGAT-1,9089,12039
GTCAACCTGACGATAG-1,9289,12038
ATTCACCTGACCAGTT-1,9489,12037
CCTAAGCATGCCTTGT-1,9688,12036
GCTCAACCACGGCAAC-1,9888,12035
GCTGTTGATAGTCTTA-1,10088,12035
CGTAACATTCGCGATA-1,10288,12034
CGCAACCATGCACCGA-1,7191,12220
ACCAGTATGAAGTTCC-1,7390,12219
TCGTATCACGTTATGA-1,7590,12219
GTCTTGACAATAGCAA-1,7790,12218
TACTCCTACATCAACT-1,7990,12217
GCGAGCGGACCATAAC-1,8190,12216
CAGGACATGGTAATGC-1,8390,12215
CAATTGAACCGGCTCG-1,8590,12215
CCTCGATAGAATAGGA-1,8790,12214
CCTACGAGCTGGCCGG-1,8990,12213
CACCTCGAGCGATGCT-1,9189,12212
TCCTCACGTGTAGACG-1,9389,12211
AGAACAGGAGCATGGA-1,9589,12211
TGGTATGCAAGTCTAT-1,9789,12210
CGCATGAGGAGCGTCT-1,9989,12209
CTTAGCTTAGTTCTCG-1,10189,12208
TAGGCATCTGCGGACC-1,7291,12394
CTAATCTGGCCGTGTT-1,7491,12393
TAAGGACGCCTGGTTG-1,7691,12392
ATCGTACACCTATGCC-1,7891,12391
GTTAACTCCGACCACT-1,8091,12390
ATCGCAGTAACTTATT-1,8291,12390
AAGATTATCTAGCATA-1,8491,12389
TGTTGGAACGAGGTCA-1,8690,12388
ACCGTACACGACCGTC-1,8890,12387
GCTGTAGTGCTGTCGC-1,9090,12386
ATTACTCCGTGAAGCG-1,9290,12386
TCCATGATGTGATCAA-1,9490,12385
TGACCAATCAGCCACG-1,9690,12384
GCAGGCTACCGTCCTT-1,9890,12383
AACAGGTTATTGCACC-1,10090,12382
AGGTGAAGTGACGACT-1,10289,12382
TATGACGGAGATTGGC-1,10489,12381
GCCTGGTACATGGTCG-1,7192,12568
ATTAGATAAGACGGCG-1,7392,12567
GTATGTTAGTTCTACC-1,7592,12566
TCAGCGTGACCTTACC-1,7792,12566
CGAGGAGTCTAAGGAT-1,7991,12565
CTGGTGCGTTCACGAG-1,8191,12564
GAGGATCCAGAACTGG-1,8391,12563
ATGACCTCACTTAACC-1,8591,12562
AGTCGGACCGTGCTTA-1,8791,12562
GCATTACCTGTCAAGA-1,8991,12561
CAGCCAGTCCTGTCGG-1,9191,12560
AATAGTGCTCATAGAA-1,9391,12559
ATCTCCTTGCGATACA-1,9591,12558
GTACAACTCGGCAGAA-1,9790,12558
GCTGACAGCCGGAGCG-1,9990,12557
CCTCACCTAGTGGCAA-1,10190,12556
TCAGTCGTGCCGGCAG-1,10390,12555
AATAACGTAACTGTGA-1,7293,12741
ATCCGTAGCTTCAGTA-1,7492,12741
CCGGCGAACCGTGCAC-1,7692,12740
ACCAAGTGGCTGTATG-1,7892,12739
CTATCGGATATCGGAG-1,8092,12738
CCAGATAGACGAGGTG-1,8292,12737
CGAACCAGAAGTCTGG-1,8492,12737
GAGTCTGGTGAATGAG-1,8692,12736
TAGTGATGACTCCTGG-1,8892,12735
CTCACGTTCGGTCTGC-1,9092,12734
AATGTCAGGTCATTAC-1,9291,12733
CTGGTGGCCAATAAGT-1,9491,12733
TGGTACGGACGTAGTT-1,9691,12732
GACTGCCATAGAATAC-1,9891,12731
TATGTCGAGGTTGAAG-1,10091,12730
AGATGCTCCGTCATCT-1,10291,12729
CGGTTATCTGTCTTAA-1,7593,12914
CTGGAATAGTGCAAGT-1,7793,12913
GCTCATACAATTAGAC-1,7993,12913
GGCGGAGCACTGATAA-1,8193,12912
GACTACGAGTTCCATT-1,8393,12911
AATGGCATAGTATCAT-1,8593,12910
TAGTGAGGACATGTTG-1,8792,12909
GAACTGTAACTCAGGC-1,8992,12909
ATCATTGTCCATGCCA-1,9192,12908
CCTACCACTCCAGTTA-1,9392,12907
CAGACGCAGTAGGTCT-1,9592,12906
ATTGCATATTGTTATC-1,9792,12905
GCTGGATGACTCTACC-1,9992,12905
GGTACGATCGACTTAA-1,10192,12904
ATTCAAGATTAGTTGC-1,10392,12903
CGATGCACCAGGCCTC-1,7694,13088
GATGTAGGAGTTGGCC-1,7894,13087
GCCTTGGCGAACAATC-1,8094,13086
CGACCAGAAGGATCCG-1,8293,13085
TGCGGACTCACGTGAT-1,8493,13084
TAGCTTAAGCTGGCGT-1,8693,13084
ATGGAGTAATCGGACC-1,8893,13083
GCGTACCGTGTATCAG-1,9093,13082
GAGCTACAGCTCGGTA-1,9293,13081
ATAGTCCGCCGTTGGC-1,9493,13080
CGAGGAGCGTTCGTTA-1,9693,13080
AGATTGAGTTAGGAAC-1,9893,13079
TAGTGCACTATTGTCA-1,10092,13078
GTGCAGGCACTCTAGG-1,10292,13077
ACGCCGGCATCACTGG-1,10492,13076
AAGTCTTAAGTTGCCA-1,7595,13262
GACCACATTCTTGAAT-1,7794,13261
TAACGTCACTATAATC-1,7994,13260
CCTCTACCGTGATTGG-1,8194,13260
TCCAACTAAGACTCCA-1,8394,13259
GTTGACGAACCAGAAC-1,8594,13258
GCTTCTAGCGTTCATT-1,8794,13257
TGCTATCCATGTAATA-1,8994,13256
GGCGTGGCACGGCACT-1,9194,13256
CCGACAACGTCATCGG-1,9393,13255
CGCTGCTTCGCATACT-1,9593,13254
TCTATTCTGCATTGGC-1,9793,13253
CTGAAGTGCTGAACTG-1,9993,13252
TCTGTACGCTGTCCTC-1,10193,13252
GCGAGGATCGACCTTA-1,10393,13251
GACAACGGACTCAGCT-1,7695,13435
TGAGGTAGGACTACTG-1,7895,13435
GTACCTGAAGTGAATG-1,8095,13434
AGGACGTCGGCACGAA-1,8295,13433
GCCGCTGATTGGCCAG-1,8495,13432
GAGTAGGATGGTAGTC-1,8695,13431
CAAGACCACTATCGAA-1,8894,13431
CTATGTAGGCCGAACG-1,9094,13430
AGGCATTACTATAGTA-1,9294,13429
CTAAGCGTGCCTGCAA-1,9494,13428
CGATAAGGTGCCTGAC-1,9694,13427
GGACCGATCTGGATTA-1,9894,13427
GGCGCCACTGAACATC-1,10094,13426
TCCTCATCGTGCTGGA-1,10294,13425
ACTCTAAGCTTGCGCC-1,10494,13424
CTATGTGCGGTTGACT-1,7796,13609
TGGTAGCATCAAGTCT-1,7996,13608
CATTAACTATTGTTCC-1,8196,13607
CTCGACTCCTAATGGA-1,8395,13607
TGAAGTATGATCGTGC-1,8595,13606
ATTAAGAACAGCTCCG-1,8795,13605
GACAAGCTGAATCTGG-1,8995,13604
TAGTGACTCAATTGCT-1,9195,13603
TGAGACAGAAGTGCTC-1,9395,13603
GACAACTTAACCAACC-1,9595,13602
GGAGCGGCACCTCGTA-1,9795,13601
AATAGTTGGTGCTCAG-1,9995,13600
CTCATCCTGGCAAGTC-1,10194,13599
TCTGCGTGCTATTCTA-1,10394,13599
GCGATGACCGTGTAAT-1,10594,13598
GTGAAGATGAGTGCCT-1,7697,13783
CTTAGTCTATCGAGAC-1,7896,13783
GAGGTATTAATAGCGG-1,8096,13782
CAACGCTTGCTCCTAC-1,8296,13781
GTCCTTCATCAGATCA-1,8496,13780
GTGACAAGATGCTCAT-1,8696,13779
TAGGTCTTGGCTCGTC-1,8896,13779
GCGACACTAAGCTAAG-1,9096,13778
CAACTGCTGGAGTTAT-1,9296,13777
AGTGCCAGATGCTCTG-1,9496,13776
CCAGCACTCGACTGAC-1,9695,13775
CAGACAGTCGGATCTG-1,9895,13775
GTAACATACACCTGTT-1,10095,13774
TAGACATACGTCTAAT-1,10295,13773
GCATTGACTACAGCGA-1,10495,13772
AACTGCCTCGATAGGT-1,7597,13958
CCGAGGATGACTCGTC-1,7797,13957
AATGAAGACGGTTCAG-1,7997,13956
TATGACAATGCTTGAA-1,8197,13955
TGCCTAAGTTAATTAT-1,8397,13954
CTTAGCTACGCAAGGT-1,8597,13954
CGCTCGGTACTGCGAA-1,8797,13953
GTCTGATATCTGAATT-1,8996,13952
AACTTCGCTTAGTCAG-1,9196,13951
TCTTCGCCATTCGAAT-1,9396,13950
GGCTGACGCCGAATCA-1,9596,13950
TGCGTTATGTTCCGGA-1,9796,13949
TAATACCGTTAATTGC-1,9996,13948
CCTGGCTTATGGTCTG-1,10196,13947
TGCGAATTCTCCGCAC-1,10396,13946
GTATTATGAGTTAGCG-1,10596,13946
TGGATCCAGTCACTTC-1,10795,13945
CTCAATGACCATTAAG-1,7498,14132
GCAAGATAGGTTAACT-1,7698,14131
ATACGCTGAGATCAGA-1,7898,14130
TCTTAGTCGTCTCGGC-1,8098,14130
TATCCACTTGCGTATC-1,8298,14129
ATCTGTACGCGTCTCC-1,8497,14128
AGAAGCAGCCTAAGCT-1,8697,14127
CTTCGATACTCCGACC-1,8897,14126
CGCCTTGTGAAGTCTA-1,9097,14126
ATGTGCGTCTGAACAG-1,9297,14125
GGCCTTCGACCAGGTA-1,9497,14124
CTTCCGACGCACAACC-1,9697,14123
GGAGCGAGTGTAACTT-1,9897,14122
TCAGCTCGCCAGGATG-1,10097,14122
CCGCTGTTGCCATACG-1,10296,14121
GTAGAAGGACATCATA-1,10496,14120
CGAATGGACCGTCTTG-1,10696,14119
ACGAACGCACGAGCAC-1,10896,14118
TGGCCTGACATACTCA-1,7599,14305
CTTACGGTAAGCCGAA-1,7799,14305
GAGGTGCATTCGGATC-1,7998,14304
GCCAGTAGACGATACC-1,8198,14303
CTGTTCCAGAAGCTGA-1,8398,14302
AAGCAGCGGACACGTG-1,8598,14301
CACGTCCACGACCTAT-1,8798,14301
AGTGAGTATTCTAAGT-1,8998,14300
GTATCTGTCAACGGTG-1,9198,14299
AACTCAACCTTGACCA-1,9398,14298
TGTAAGATCTTCACAT-1,9598,14297
GCAGATCCTAATGTGG-1,9797,14297
ATTCTACTGGTCGTTC-1,9997,14296
GCCTGGTCAGGTTGCC-1,10197,14295
CAACTGCAGTGCAATA-1,10397,14294
TATCACTTCGAGCCGT-1,10597,14293
GGTCTGCGAACTGTAT-1,10797,14293
GTGAAGTGATCGTGCT-1,10997,14292
GGTCTTGAACCGGCCA-1,7499,14480
CTCCTACATTGTATCT-1,7699,14479
CTCAATACGTTAACCG-1,7899,14478
CGTCAAGGCGGAATGT-1,8099,14477
CGACAATTATTCTGTC-1,8299,14477
GACAGTCACTTCGCTC-1,8499,14476
GCCGGTATGCTCATGC-1,8699,14475
AATAGTATAGTTGTCG-1,8899,14474
GAACAGATAACCTTAA-1,9099,14473
CTGTCACTCGGCCTTA-1,9298,14473
ATGTATCGGAATACGG-1,9498,14472
CGGCAACCTAAGTCCA-1,9698,14471
GTGACTGTCCTGGTAT-1,9898,14470
TACACTGCAGGTTAGA-1,10098,14469
TAACGCTTATGCCATA-1,10298,14469
ACAGAATGTCTTATTG-1,10498,14468
GGTCTGAAGTATGTCA-1,10698,14467
GTCACTAAGCCAGCGG-1,10898,14466
GGAATCCTTAGACTGT-1,7600,14653
GTTGACTAGAGCACGT-1,7800,14652
GGTAAGGCGACGATGA-1,8000,14652
CAGATTGCCTGTAAGT-1,8200,14651
GCAGGCCATTCCTGCC-1,8400,14650
AGACCGACCGCAGACA-1,8600,14649
CGAGGAAGACTTAGAT-1,8799,14648
GCACCTTACTGGCTAC-1,8999,14648
CATGTTACCGAAGGCG-1,9199,14647
ATTCACGTCGCAGGCT-1,9399,14646
ATAGTTAAGGCACGAG-1,9599,14645
AAGTGGCGAAGTTAAT-1,9799,14644
GAGTCCACTCATAACA-1,9999,14644
CAGTACAGTTGTGGAA-1,10199,14643
CGATGAGGCCAACGTA-1,10398,14642
CCGATGGAACATCAGC-1,10598,14641
ACAGAATCCGTTGCTT-1,10798,14640
GTGGAACAGAAGTCGA-1,10998,14640
AGTCGCCACTCGGCGA-1,7701,14827
GATGCCTAGAGTCTGT-1,7901,14826
TCGTCCAGCATGGCTT-1,8100,14825
AGACTCATTGCGGACA-1,8300,14824
CGCTTATGGTTAGGAT-1,8500,14824
TCAGTTCTCCGGACCG-1,8700,14823
CACGATCATACAATTA-1,8900,14822
CAGATTCCGTATGCGA-1,9100,14821
GCACGCATAGGCGATC-1,9300,14820
GATCCACCGCGTGCAA-1,9500,14820
CCAGACAATATCGTTA-1,9700,14819
CGAGGATTCGATCATA-1,9899,14818
CCAATCTTGCCTATGG-1,10099,14817
TCCAACTGCCGCCATA-1,10299,14816
CATCGCGGTCGGTGCG-1,10499,14816
AGTTCGTGCAGACCTT-1,10699,14815
TGACCAGCACTCCAGC-1,10899,14814
CTCACCTGCCGACTAA-1,11099,14813
GAATAAGGAGAACTAA-1,7601,15001
CTACATCTACTGGCTT-1,7801,15000
TAGAGGCGATTGATTC-1,8001,14999
GTGGTTGCCGCTTCAA-1,8201,14999
CATCAGATACTAATCG-1,8401,14998
TGCATTGCTGTCGGCG-1,8601,14997
TAGGATGCACCGTTCA-1,8801,14996
TGCAACGTTACCTGGT-1,9001,14995
GCATGACGGATTATCA-1,9201,14995
GTTGTCCTGTGATGTA-1,9400,14994
ATAGATGCCTAAGCAC-1,9600,14993
CACTTGACATTCAGAA-1,9800,14992
ATGCATGGTTCCGCCT-1,10000,14991
CCGGCGTCTTAATAAG-1,10200,14991
AATGATTACAACCTAA-1,10400,14990
CTCGTTCTGTCACGTT-1,10600,14989
AGGACGTATCGCCGTA-1,10800,14988
TCTTACCGCTCGTATG-1,11000,14987
AGTCGGTCTAATCTGT-1,7702,15175
CGAGTGCGGCTCGTGG-1,7902,15174
AGCGGTGAGTGACATG-1,8102,15173
TGGTCGCCGGCTTACT-1,8302,15172
CTTCGATAACATTGGT-1,8502,15171
GCGAATCGAGAACACG-1,8702,15171
CTATGCCGTACAGCGT-1,8901,15170
ATCGTCACCATGTCAC-1,9101,15169
TCGGCGCAGAATGTCT-1,9301,15168
CCTTGTGATGGTCTAG-1,9501,15167
TCTGCGTGCTTCAGAC-1,9701,15167
GGAATGGCAACTTGGA-1,9901,15166
GATTCCATTGAGTTGA-1,10101,15165
CACCTAGACGAGCCGG-1,10301,15164
CTCATAGCCAATGTCG-1,10501,15163
ATGCTGAATGCAATAG-1,10700,15163
CTACTGCTCCGACAGT-1,10900,15162
GTGCAACGACGGTGTT-1,7803,15348
TGCAGACAATACTGTT-1,8003,15347
GAGTGCCGCATTAGGC-1,8203,15346
CTGCCGTGAAGTCGCA-1,8402,15346
GCTTGGATGCTCGCTT-1,8602,15345
AAGGCCGACCTACCTG-1,8802,15344
ACTTGAAGCGAGCGGT-1,9002,15343
CCTGTCTGCATAGGTC-1,9202,15342
AGCGTGGCACCGACAA-1,9402,15342
GAACTACCTTATCATA-1,9602,15341
TCGAGTGGTAGGTCAC-1,9802,15340
ATACAAGGTCAGTAGA-1,10001,15339
CTCGGATCGGAATACG-1,10201,15338
CAAGTGTTCGCCACGC-1,10401,15338
GTCTAGTCTAGCGACG-1,10601,15337
GGTTCATTCCGGCCTC-1,10801,15336
CTACGAATTGGCTGGT-1,11001,15335
AGCCGGCCTATTCCAG-1,7703,15522
CCGCTGTCACCTGCAA-1,7903,15522
GATTCCGCTGCAAGAT-1,8103,15521
TGAAGCACCGTCATGA-1,8303,15520
CTACAGCGTCTACACT-1,8503,15519
CTGAAGGTGCTCGAGG-1,8703,15518
ACTCAGGCCTGCAACT-1,8903,15518
GGCAGCGTATACGACT-1,9103,15517
TGCACGTAGTTCGAAG-1,9303,15516
GCCAGACATCTATCAC-1,9502,15515
AGTAAGCTCGGCCAAT-1,9702,15514
ACATGGATGCGTAAGC-1,9902,15514
GATGTAGCGAGGTCCA-1,10102,15513
TGCGCTCATAGAACGA-1,10302,15512
AATGAATCGGAAGGCA-1,10502,15511
CGACGCAGCCTTAGTC-1,10702,15510
ATTACTGAGTGCCTCC-1,10902,15510
CTCACCTGAGACTAAG-1,7604,15697
AGACTCCTGTATGGCG-1,7804,15696
CTCGACAGCACTCGGA-1,8004,15695
TGTAAGGTGAGCGACC-1,8204,15694
TAGCGTATAGCGCTAA-1,8404,15693
AACACTTGGCAAGGAA-1,8604,15693
ATGCTTGGACGAACTT-1,8804,15692
GCCGAGTCCTCGTCCA-1,9003,15691
TCTACATGTCCGACTT-1,9203,15690
TATTGATCGTGATCTT-1,9403,15689
ACGTTCACGACTAGGT-1,9603,15689
TCACGATACCTAGCCA-1,9803,15688
CTCCGGCCTACAGCTT-1,10003,15687
TGCTTATGACGCTGGC-1,10203,15686
GTACGATTAGTCTACA-1,10403,15685
TGCACGAGTGTCAGCC-1,10603,15685
CAATCGTCGGAGCATG-1,10802,15684
GGCGACCATAGCGTTA-1,11002,15683
CATGATAGGCCATGAG-1,7505,15871
TCAGAATCGATATCAT-1,7705,15870
CTCGCTAGCACCATCT-1,7905,15869
ATGTACTCTGCAGCAC-1,8105,15869
CCGGAGAAGCTAACCA-1,8305,15868
AATTGGTTATGATACA-1,8504,15867
TCCTCAATGAGGAACG-1,8704,15866
AGGATAACCGGTCGGA-1,8904,15865
TGGCCAGATCCGGACA-1,9104,15865
ATTCACATCTTATTCT-1,9304,15864
AGTATTCAGCTGAATG-1,9504,15863
CAGTCAGCCGATCCGG-1,9704,15862
TCCGAATCGCAGGTTC-1,9904,15861
GTCTTGTATTGTAGAT-1,10104,15861
AAGGCCGATTCTGAGC-1,10303,15860
AGGAGCATAATCCACT-1,10503,15859
GCTGAATGACCGTGAG-1,10703,15858
GTACAGTATCGGAATT-1,7406,16045
CTATACCGACTCGCAT-1,7606,16044
CGCTCGGCCGGTTGTC-1,7806,16044
AGTGCGCAACATGCGT-1,8005,16043
CTAGGCCAGGAGTACG-1,8205,16042
AGATAAGCCACTCATA-1,8405,16041
TCTACTCCGACTCGGC-1,8605,16040
GACGCAGCGTCAAGTT-1,8805,16040
GTAACACCGAGCGTTA-1,9005,16039
TAGCTCGAATCGTCCG-1,9205,16038
CGTCAGAACGTTGCCG-1,9405,16037
GGCGCCACCGGAGCAA-1,9605,16036
GTATCTACAGATCTCC-1,9804,16036
GGAGTCCAGATAGCTT-1,10004,16035
GCCATTGTAACTGATC-1,10204,16034
TGAGACAAGGACGACC-1,10404,16033
AACTATGTGCTTGTTA-1,10604,16032
ACAATTGGTCGCGTAA-1,10804,16032
GAATGACCACAATCGA-1,7307,16220
CTCAGAAGACAACTCG-1,7506,16219
CATGTCCACCTGCGTC-1,7706,16218
GTGACCGGAGTCATAC-1,7906,16217
TCTACAGGTACGCAGT-1,8106,16216
CGGAGTGGTCAAGTAT-1,8306,16216
AAGTACTGGATGCGCA-1,8506,16215
GGCTCAATCAACATGA-1,8706,16214
ATTACTGTCGCATATT-1,8906,16213
TGATCGGACCTGGATG-1,9105,16212
CCTCGGATCTTGCGGT-1,9305,16212
ATGCTTACTCTAGGAA-1,9505,16211
GCCAGTTCCTCGTGCC-1,9705,16210
TAACTTGCACGGCGGA-1,9905,16209
TAAGCCTGTAGCGTCC-1,10105,16208
GTTGAATGGTACAGTA-1,10305,16208
TACGCCGGAGTTCTGA-1,10505,16207
ACGATGTCGTTGCCAA-1,10705,16206
CCTTCCGCTCCGGCAT-1,7207,16394
AGGCAACTAGCGTACC-1,7407,16393
CACTGGTGAGACGCTT-1,7607,16392
TCTGCAAGGACGGCAA-1,7807,16391
TGTTGCGTCCAAGATT-1,8007,16391
CCGGCGCAGCATGCGA-1,8207,16390
GCTACTTCTGACGCGA-1,8407,16389
ACCGAAGCCGAATTAA-1,8606,16388
ATAGCTATTCGCACTC-1,8806,16387
CTATTCCGGCCGTCGG-1,9006,16387
TCCGCCAAGGTCCGTT-1,9206,16386
GCACAGCTGTGGTTGA-1,9406,16385
TCCAAGACCGCTTGAT-1,9606,16384
AACTTCAGATACTACC-1,9806,16383
GCTGCCGCCTATGTAG-1,10006,16383
TCTTCGAACAGCGTTA-1,10206,16382
TATCCAAGCGCCGTAG-1,10405,16381
GCTAACCATAGGCGTT-1,10605,16380
TCCGGTTCCGTTCTAG-1,10805,16379
CGAGTCACTCATAGAT-1,7108,16568
ACAGAATCTTGATAAG-1,7308,16567
AGTTGGCACCAGTTAC-1,7508,16567
TAGCTAGAGGCCTGAA-1,7708,16566
TAGTTCGAATTAGCGG-1,7908,16565
CCTAGCCTAGTACCGG-1,8107,16564
ACTCGTATTGTCAGAA-1,8307,16563
CTACAGAATTAATGAC-1,8507,16563
GTATGTAGCTCACCTT-1,8707,16562
AATAACATGTTACGTC-1,8907,16561
GGTGGCTTATTGCGTG-1,9107,16560
GAACTTGGTGAGGATA-1,9307,16559
TACAAGCGCCTCTACA-1,9507,16559
GTCGTGTTCATGTCAG-1,9707,16558
GAGGTCACTGTAAGCT-1,9906,16557
AGGATATCGCGAATAC-1,10106,16556
TATCACATAGCGAACT-1,10306,16555
CAATGCATTGACGGCA-1,10506,16555
TACGGTTAATGTACTA-1,10706,16554
CTTAGTCTTATTCGGA-1,10906,16553
ATTACCTTCGCAGAAG-1,3211,16758
GTGATCTACGAGATCC-1,7209,16742
CACGAGGCCATCCACT-1,7409,16741
TGACTCTGCTCGCACG-1,7608,16740
TCGGACTGCCACCTCC-1,7808,16739
GCTTCGGCATCAGAGT-1,8008,16738
TGGTCTGCTCAGGTTG-1,8208,16738
GACCGAATCTAATACG-1,8408,16737
CTGACTCCGAATCTGC-1,8608,16736
TCTACACTAATTACTC-1,8808,16735
GCACTGAATATGACAG-1,9008,16734
AGTTACCTCACCAGCA-1,9208,16734
GTCACTTATGAATGCG-1,9407,16733
ATCCGATGACCTCGGA-1,9607,16732
CCTATGTCTTACCGGC-1,9807,16731
GTTAGACAATGGATGA-1,10007,16730
ACCGTACTATCGGAGG-1,10207,16730
GGCGTCGCCGTATGAT-1,10407,16729
GCAGACGCCTGGTTAT-1,10607,16728
ATTCCGCTCCATCAGC-1,10807,16727
GCTTCTGTTACGAGAA-1,7109,16916
GAACTCATAGTGAGTG-1,7309,16915
TGTTACCTATTGGACA-1,7509,16914
ATCAGATACCAGCTGT-1,7709,16914
TGCCGAGTTAAGAACG-1,7909,16913
CCTATGCCAGCAATCC-1,8109,16912
ATGCATGCCTGCGATG-1,8309,16911
TATTCTCAGCGGCTGG-1,8509,16910
TAGCTACCATACTGCT-1,8708,16910
AGTGCAATAACTAACA-1,8908,16909
CGCTGTGACATAGGCA-1,9108,16908
ATCAGTAAGCTCGCCG-1,9308,16907
CGCTAGCCGCATGCAT-1,9508,16906
ACGTTCTGCCATAATC-1,9708,16906
TCTAGATAAGGTTAGC-1,9908,16905
CACGGTCTTGGTTAAT-1,10108,16904
TGCTGTCTTGTTAATG-1,10308,16903
TCATCTGCCGCTATTC-1,10507,16902
TCGTATGCCGGACGTT-1,10707,16902
ACGATGCGAAGGAGCA-1,10907,16901
ACATGTTCCAGGACGT-1,7010,17090
TCAAGGTCTGAATATG-1,7210,17089
GTCTGATAGATTATAA-1,7410,17089
AATAGTGGAAGAGCAT-1,7610,17088
GAATCATGAACCAGTG-1,7810,17087
TAACTCCAACATGGAC-1,8010,17086
TGTCAGTGGCTTCCAT-1,8209,17085
TATGGCCATAATAGAC-1,8409,17085
CCACGTCGGTCGCTTC-1,8609,17084
TCCAACGAAGATGCTT-1,8809,17083
CAGGCGAGGTCTTGGA-1,9009,17082
TCCGGCTATGCTCAGT-1,9209,17081
CTAAGCTTACAGTACG-1,9409,17081
CACGAGGTATAGGTAT-1,9609,17080
CCGTCTTATGGACGAG-1,9809,17079
CTCGATGTTGAACGGC-1,10008,17078
CTATTCGTCTTACATA-1,10208,17077
TAAGGATCTGAAGATA-1,10408,17077
GAGTCCACGCCTGAAG-1,10608,17076
AGCCGATGTTCTACTC-1,10808,17075
CTAGCACGATCACTGT-1,11008,17074
AAGAATTCTGGCTGCA-1,6711,17265
ACGGCTATGGCATACC-1,6911,17265
GATACTTCACTCAGCA-1,7111,17264
TGCATTCGCTACAATG-1,7311,17263
ATGCTACTGAATAGTA-1,7511,17262
GTATACGGTACACGCA-1,7710,17261
CTTACGAACTCCGTCC-1,7910,17261
ATCCGTGGAACTTCAA-1,8110,17260
GCAATTCCTATCATAC-1,8310,17259
CCACGAACGCTGCCGC-1,8510,17258
ACCTGCTTGCTACGAC-1,8710,17257
ACGGCCGTCAACGTAT-1,8910,17257
GTCTTGAACAATTACA-1,9110,17256
AGACATCTTAGCACCT-1,9310,17255
AATACGTAGACAGTTA-1,9509,17254
GAGCCAGCTTACGGTA-1,9709,17253
CGGCCTAACGATAATG-1,9909,17253
ATACTAGCCACTTCGC-1,10109,17252
CAGCTTGGTTCGGTCG-1,10309,17251
TCACGCTATCCACTAC-1,10509,17250
GTAGTCCAGCGGACAT-1,10709,17249
TAAGGTATGAATGCTA-1,10909,17249
CAGGACAGAAGGCTGG-1,11109,17248
GGTATGCAACAGTGGC-1,6612,17440
CTGTTCGTATGCACCA-1,6812,17439
GCTGAGGACAAGAAGT-1,7012,17438
ATGTAGCCGACCAAGG-1,7211,17437
TGCGGACTTCTGTCGC-1,7411,17436
TGAGACTATTGAATCT-1,7611,17436
CGGATGTTGAACCACG-1,7811,17435
ACAGGACTGAGCCGAT-1,8011,17434
TCGTATTCTGAGTGGC-1,8211,17433
AGCTCGACAGGCGATA-1,8411,17432
CTAAGCTCCACGATCA-1,8611,17432
AAGCAGTGGCATCACT-1,8811,17431
ACGATGTCGCACAATC-1,9010,17430
TCCGCCTTGTTCTGAT-1,9210,17429
TGCAGTCGAGCACCAA-1,9410,17428
TATGGCAGTTCGTCTA-1,9610,17428
CAACGGCACTCAGTCC-1,9810,17427
GTCACTACTTAATGGA-1,10010,17426
AGACTGGTAAGGAGGT-1,10210,17425
CGTCCATGTAGCGTCT-1,10410,17424
GGCGCCGTCGGACATA-1,10610,17424
CTCCGGATCCTCGCTC-1,10809,17423
AGGACTGAAGTGCCTT-1,11009,17422
CGCACTTAAGGCATGC-1,11209,17421
ATTAAGAATAACGCTT-1,6513,17614
GACGGTGGTTGATGTC-1,6712,17613
TGACCTCCTTCAGATT-1,6912,17612
GTCAGTAATCCAATTA-1,7112,17612
CGGATTGCGTCTACCT-1,7312,17611
TAAGCCTGGCTTCAGT-1,7512,17610
TATTCTAAGGCTCATC-1,7712,17609
GAGTTAATTCCACTGG-1,7912,17608
GGTACGGTATGCTCCA-1,8112,17608
TATTCGGTGGAGATTC-1,8312,17607
ACCAATGAGCCTCATC-1,8511,17606
GTGCTCAATGCAACCT-1,8711,17605
CTCGATGCGGTGTTAA-1,8911,17604
CCGTATAATCTGGCCG-1,9111,17604
CTTGATGCAATCACAA-1,9311,17603
ACAGAATAAGATAGTG-1,9511,17602
TCGGAGCGTTACCTCG-1,9711,17601
TATGTCATAAGCGTCG-1,9911,17600
CGAATTACTGCTCCGG-1,10110,17600
TACGACTCTGAACACT-1,10310,17599
GTGACATGTACCACCT-1,10510,17598
ACCGGCACGTACGAAC-1,10710,17597
AAGTGAGCCTGTTACA-1,10910,17596
CTCCTACTTGAGTAAG-1,11110,17596
CGGAGCCGCAATAGCC-1,11310,17595
AAGGCGACGGTGTCGG-1,6613,17787
AATTCTTGGATACGGA-1,6813,17787
TATGTTGCAGTCTAGG-1,7013,17786
TGCGTGTCAGCCAGTG-1,7213,17785
GCACGCTTCGTTGTTC-1,7413,17784
AGCCGTAGTGGAGTGC-1,7613,17783
CACGTACGTAGCTCAT-1,7812,17783
CGGCAATCAACGTGGA-1,8012,17782
GAGTAACGTGGCTTGA-1,8212,17781
TCATCGGCCTGTGCGG-1,8412,17780
TACTAGGATCAATGGC-1,8612,17779
GATAGATGTTGAAGAT-1,8812,17779
CACGGCTTACTCCGTT-1,9012,17778
AACCAGAATCAGACGT-1,9212,17777
ACATCGTCGGTCTACC-1,9412,17776
GTTGACGTCAGATTAG-1,9611,17775
ATCTTAGACGCCTACT-1,9811,17775
TCACAAGGAGAACAAG-1,10011,17774
TCGCCGTATCATGCTT-1,10211,17773
ACATCTCGACAACCAC-1,10411,17772
TCAGTCATTGCAAGTG-1,10611,17771
CTTGCCGGAAGACGCA-1,10811,17771
TGCCGGCATTATAGAT-1,11011,17770
ACCTAATGTTACCAAT-1,11211,17769
GTCGCACGCAGCCTGC-1,6714,17961
AAGACAATCTCCTGCA-1,6914,17960
AATTGTAGAATCCTAG-1,7114,17959
AATCCGCCGACCTGAG-1,7313,17959
ATCCGGATCGCCGTAT-1,7513,17958
CTAAGTCAAGATCATG-1,7713,17957
GTTATTCGGCCATTCG-1,7913,17956
TACAACGGACGGCTCA-1,8113,17955
GGCAAGACAATCAGCT-1,8313,17955
AACTTCAAGGATAATC-1,8513,17954
ATTCTACGTGGCAGAT-1,8713,17953
TCCAGTCAGTACATTA-1,8913,17952
CACGTTGCACATACCG-1,9112,17951
AGTGTCATGGTTGTGG-1,9312,17951
TGACAGTACTATTCTA-1,9512,17950
TCCAGTACCGAGCGCA-1,9712,17949
GTGGCGATCTGCGATA-1,9912,17948
AATGTACTTAACATCA-1,10112,17947
GTAGCCGCACTCCATC-1,10312,17947
GTCAGGTACGTGGCAT-1,10512,17946
GCGAATTGGCTAGCCA-1,10712,17945
TATCCAATACCGCAAT-1,10911,17944
ATCGTAGCATGTAGAT-1,11111,17943
AAGGCCAATTCAATAA-1,11311,17943
TCTACATGAATCTGAT-1,6615,18135
GGAAGTCTTGTCGCAT-1,6814,18134
CCGCGTATCGTTGCAG-1,7014,18134
GAATTAACCTTCAATT-1,7214,18133
GGCGTCGGTAGTGATA-1,7414,18132
TGGTACAAGACACTGA-1,7614,18131
CCGGATCTCCGAAGCG-1,7814,18130
TATGTAGAGCTGATCA-1,8014,18130
ATTAGTTCACAGACTC-1,8214,18129
AGGAATTACGGTGACG-1,8414,18128
GAACAAGGTCGAGCAA-1,8613,18127
AGCTGTTCCGGTGATT-1,8813,18126
TAGTCACTGGATAGGC-1,9013,18126
GCACCGAAGATGTCTA-1,9213,18125
CAACTTGGTACGATGT-1,9413,18124
AGATAACCAATACGCC-1,9613,18123
TAGACCAGGATATCGG-1,9813,18122
ATCTGACCGGAGTCCT-1,10013,18122
GGTAGGTTGTTCTAAG-1,10213,18121
CTACAGGTAGAATTCC-1,10412,18120
CTTGTCAAGGCGTCAA-1,10612,18119
CATCCGTGCGGTCTAC-1,10812,18118
TGGCCACTCCTGAGTG-1,11012,18118
ATGTAGAAGCGAATAG-1,11212,18117
ATAATTAGTTCTACGG-1,6715,18309
AAGTACTAAGGTTACG-1,6915,18308
ACTTAAGCCAGTAGGA-1,7115,18307
CGGTCTAGATCGAATG-1,7315,18306
TCATCCATGCCAAGCG-1,7515,18306
GTATACATTGGCTCAG-1,7715,18305
GGTACTGTGATCTTCC-1,7915,18304
TGCCTTAGGCGTCTAT-1,8114,18303
CTGGCCTTACCACTTA-1,8314,18302
CTTCGCCGCAACATTA-1,8514,18302
ACTCTTGCGGAGAACC-1,8714,18301
GGCGGATACAACGCAC-1,8914,18300
CGTGAGCTGTTATCGT-1,9114,18299
TAAGCAAGTAATGTGG-1,9314,18298
ATTGTTAAGTAGACTA-1,9514,18298
TCGCTTGTTCCAGTTG-1,9713,18297
GACGTGGTGCTCCAGA-1,9913,18296
CGCACGTATGAAGGCC-1,10113,18295
GGCAGCTCCTGGACGG-1,10313,18294
CGACGCAACATGGCGA-1,10513,18294
CCGATTAGCGAGTGTA-1,10713,18293
GGTTACCAGACAACAT-1,10913,18292
TGCTATAATGTCGCTG-1,11113,18291
GATCTTGTCATGATCT-1,6616,18483
TCGAATCTTGCGTTAC-1,6816,18482
GCGATGTACTGCTATT-1,7016,18481
GTTGCCACGACAAGAA-1,7216,18481
CGTCCATCCTAGCATC-1,7415,18480
GGCCGTCCAGTAGGAC-1,7615,18479
TAGTTGAGTTCTGCAC-1,7815,18478
GTTCGCTGGTATTAGA-1,8015,18477
TATTCGTTATCGCCTG-1,8215,18477
GGAGATGCGTGCAGTA-1,8415,18476
GAACTCCTCATACATA-1,8615,18475
GTTCCGTCTTATCTTA-1,8815,18474
TGACCAAGTAAGGACC-1,9015,18473
AACTCACGGAGTACGT-1,9214,18473
TCGGACGGCCGAGGAA-1,9414,18472
GATAAGTTGGCGATTA-1,9614,18471
CGGTCTGCGTATCTGG-1,9814,18470
AGCAGGTGCAATGGTT-1,10014,18469
CTATGCCATGCGGACA-1,10214,18469
TGTAATGCACTACGAG-1,10414,18468
AGACCGGACTGTCCAT-1,10614,18467
AGTGTTCGAGGATGAA-1,10814,18466
AGACCGGTATCCGTGG-1,11013,18465
GATGACTCTGAATCTT-1,6517,18657
TCAACATGGATACAAC-1,6717,18657
GATATGCTCACGTTAC-1,6916,18656
ATAGTTAAGCCTGCCG-1,7116,18655
AACCTTAGCGTCCGGT-1,7316,18654
GTAGCAGAGCAATAGC-1,7516,18653
TCAAGTGATGGTTAAT-1,7716,18653
GTTGCTACGTCTTAAT-1,7916,18652
AGGAGCCGCTGAGTAG-1,8116,18651
CTATCGTTACAACCTT-1,8316,18650
TAGGCTTATCTAGCTC-1,8516,18649
TAGATGTCGAGGCCAG-1,8715,18649
ATGTACCGATCCAGAA-1,8915,18648
GATTGACTCCATGCGA-1,9115,18647
TAGTAAGCGGTGGATA-1,9315,18646
CCTGGATTGCGTAACA-1,9515,18645
ATGTTCGCAGAAGTCT-1,9715,18645
CCGCAATCCGTGGTTG-1,9915,18644
TCTTGCTGTCCTAGGC-1,10115,18643
CTAATTATGTTGCCGC-1,10315,18642
TCGGCGACCTCGCTGA-1,10514,18641
GCTCCGGCAACATGAT-1,10714,18641
CACGCTTATCAATCTT-1,10914,18640
ATGCCGTCGATAAGAC-1,11114,18639
AAGGCCTCGCGAGGAA-1,11314,18638
ATCTTAGATAGGTTCA-1,6617,18831
TGTATGATTGTAGGTG-1,6817,18830
TATTAAGCAGCGCCGG-1,7017,18829
TAATTGATTCTGTCGC-1,7217,18828
GGCCGCCAACTATTGC-1,7417,18828
CAGGCCAACAGCGAGT-1,7617,18827
GCCGGCAATAGGCAGG-1,7817,18826
ATCTGAAGTATGCACG-1,8017,18825
TCAGCGCCTAGTCTTA-1,8216,18824
CAGCGATAACTGAACC-1,8416,18824
CGCTGCGAGTCCACAT-1,8616,18823
TCAAGGACGTTAGGAG-1,8816,18822
ATACGACATCTAGACC-1,9016,18821
AATGCCGACGAGCAAC-1,9216,18820
CTCAATTGGCGATTCC-1,9416,18820
ACAACGTGGAGCTACT-1,9616,18819
CATATTCATCCGCATT-1,9816,18818
CACTCAATGGTTCGGA-1,10015,18817
CTGGAAGTCTAAGCTC-1,10215,18816
TCTACTCGAGCAGAGG-1,10415,18816
GTAGCAGAAGACTCTT-1,10615,18815
CACGACCTCCGTCATA-1,10815,18814
CTAGTTCTACATGACG-1,11015,18813
GTCAGGATCAACCAAC-1,6518,19005
TGCTTAGTTGACTTAC-1,6718,19004
CTTGTCAGTTCGGTAA-1,6918,19004
AATCTTAGCCTCTGTC-1,7118,19003
GCCTGTGATAGATTGG-1,7318,19002
TCTTGCACTGGTGCTC-1,7518,19001
TGACCTGTCTATCTCG-1,7717,19000
CTAGCATAGAGCGAGC-1,7917,19000
ACGGCCGTGACATTAA-1,8117,18999
GTGCCGCATCCTTCCT-1,8317,18998
TAGCAATTATGGACCG-1,8517,18997
TAACCGGATGGACAGG-1,8717,18996
AAGATATTGGACGTCC-1,8917,18996
CGACTAATGTTAGGCT-1,9117,18995
ATCGAACATGCTAAGC-1,9317,18994
AAGATAGGCTTGCTTA-1,9516,18993
CAGAGTCATGTACAGG-1,9716,18992
CATCAGTAATCAGACA-1,9916,18992
TGAACGGATTCAAGTT-1,10116,18991
CGGCATGGCCGCTTGT-1,10316,18990
GCTTACCTCGTGCTAT-1,10516,18989
CCTCTAGCTGGTCCGC-1,10716,18988
GCCAGTTAATTCTTGC-1,10916,18988
CCTATGATGGTCAATG-1,6619,19179
AAGCCAGGCTGCTTGA-1,6819,19178
AACATCTAATGACCGG-1,7019,19177
GTATTCCGCTCGGATG-1,7218,19176
CAGTTGCAACCGAGAT-1,7418,19175
AGTCGTTGCCTTACCT-1,7618,19175
GTCGCATTACCAGGCA-1,7818,19174
TCCAATAACGTGCTAG-1,8018,19173
TCGCTTACTCGCAAGT-1,8218,19172
GTCTGCTCAACACCAA-1,8418,19171
ACTATTACCAGGTGCT-1,8618,19171
ATTCTTGAGGCGACGC-1,8817,19170
GTATGTTCTGGATCGC-1,9017,19169
GGACGTTAGATTCAGG-1,9217,19168
GAACAGATCCGCTAGA-1,9417,19167
GTGAGCACCAGCATCC-1,9617,19167
CTTGGACAGGTTAGAA-1,9817,19166
CATGCACGCCGACGGA-1,10017,19165
TCTAGCGACACCGAGC-1,10217,19164
TAGGCAGGCGGACGCC-1,10417,19163
GTAGACCAGAATACTC-1,10616,19163
TGTAATGCCTAACACC-1,6320,19354
CGATTAACTAATCTTA-1,6519,19353
CATCGGTAGCGTCCGA-1,6719,19352
TCCTGCCGTGTCTAAG-1,6919,19351
GCGACGTAGAGCGTTA-1,7119,19351
CTTGAGTCCAAGGCTG-1,7319,19350
TATTGATCTACTTCGG-1,7519,19349
TGTCACAGACGTATCC-1,7719,19348
AGGTTACATTCCACGC-1,7919,19347
GCACCTAGTAATTATC-1,8119,19347
GAAGCGTCCATAGTTG-1,8318,19346
ATGTACCATTATTGTC-1,8518,19345
AACCGTGCTTATGTTG-1,8718,19344
CGCACTCACCAGCACG-1,8918,19343
TATGGATATGGTGCGA-1,9118,19343
CAACCGTTAACAGACC-1,9318,19342
CACCTATTACTCAGAT-1,9518,19341
GCCTCATGCGAGCAGG-1,9718,19340
ACATGTTCCACTGATA-1,9918,19339
CCTATCTATCAATCGC-1,10117,19339
GGTCTGAGATCCGCCA-1,10317,19338
AGCGACATTCGATCTG-1,10517,19337
CCTCCGAAGCTGTACC-1,6220,19528
TGCGCCTCTTCGGCGA-1,6420,19527
AGATCATTCACGCTGT-1,6620,19526
GTATCTGTGGCGTCTA-1,6820,19526
CATCGGATCCTACCTG-1,7020,19525
ATCTGATACTTCATTA-1,7220,19524
ACGGTCGGACAGGCGA-1,7420,19523
CGCTACTCAGCCATAG-1,7620,19522
TCAGTGAAGAGTTCTA-1,7819,19522
GCACATGCCGGTCTGG-1,8019,19521
CCATGGTTCCAATGTC-1,8219,19520
GTCTAGCGTTGTGACC-1,8419,19519
TATGCCACAGCCGGTG-1,8619,19518
CACCTACATGATTGAT-1,8819,19518
CTGGAAGGCAACCGGA-1,9019,19517
TCTTGCACGTCTAATG-1,9219,19516
AGCGCATCGTGGTCGA-1,9419,19515
AACTATCGTCATAGTC-1,9618,19514
GACTACGCCTATAGCC-1,9818,19514
TGCGGACCATGGTACC-1,10018,19513
ATTATCCATTGTGACA-1,10218,19512
GACATCACCGTTGCGT-1,10418,19511
TGTAATCGAGACTGGC-1,5921,19703
AGGTGAATCCACAACC-1,6121,19702
AAGGCGCCGACAATCT-1,6321,19702
TACGTGGCATCATATG-1,6521,19701
GCAACAGCTCCTATGA-1,6721,19700
GTTCTACTTATGGTAG-1,6921,19699
CAGAGGCGAATTGCCA-1,7121,19698
CGAGCGTATGCCAGCG-1,7320,19698
TCGTATTAGATCCGGT-1,7520,19697
ATTGGCCTAGGAATCG-1,7720,19696
CCTAATCGGCAGTCAC-1,7920,19695
CATGGTGAGGCAGCAT-1,8120,19694
CGACAATTCGTCATGT-1,8320,19694
ATAGTGTCAGATGTAG-1,8520,19693
GGTAGCGTACATCTGT-1,8720,19692
CCACAGGAAGATGTGC-1,8920,19691
ATTGCCTGATGTGCGG-1,9119,19690
TCCTGCTACATGCAGA-1,9319,19690
AAGGTGCCGCTAAGGT-1,9519,19689
ATGCTCATGCCTGCCT-1,9719,19688
AGCTCACTATGCAGTT-1,9919,19687
CTATCCATAATCGATA-1,10119,19686
CTTCAATCGTACTACG-1,10319,19686
AGATGCACGTAGGTGC-1,6022,19877
TCTAGCTTATTCGCCA-1,6222,19876
TACATTGACTGAGTCC-1,6422,19875
ATTGCGTAGTTAGGAG-1,6622,19874
TCTGATCATAATGATT-1,6821,19873
GCGAGCTAACTCCTAG-1,7021,19873
CACGCCACTCCTTCAT-1,7221,19872
CGAGGACGTAATAGGC-1,7421,19871
TGGTTGGTATCGGCAT-1,7621,19870
ATCAAGGAGCTTACAT-1,7821,19869
GTTGACTTCTATGCTG-1,8021,19869
GACTTGAAGCCATAGC-1,8221,19868
TGACCATCCATCTGCT-1,8420,19867
TCATTCACGCGAGCTC-1,8620,19866
TGCACGGCTGGTAAGG-1,8820,19865
AGCCTACGGTGACCAA-1,9020,19865
AATTGAATTCACTAGA-1,9220,19864
GTGCCACCTTGAGCAT-1,9420,19863
GAGCTGCGGTGGTAAT-1,9620,19862
TATGCGTACCTGAGTC-1,9820,19861
GGTCTTGCACGTTGCG-1,10020,19861
CGTGGCTACATCCATT-1,10219,19860
TAGACATTGACTTGCA-1,10419,19859
AATTATACCTCAATGA-1,6122,20050
CGACGCCGGAGTTGAG-1,6322,20049
AGCTGTTGAAGGCCTT-1,6522,20049
ATTGGCGAATTGCACT-1,6722,20048
CTATGCCATTGGAGAA-1,6922,20047
TAACGAGCGTCTGGCC-1,7122,20046
CTGGCACTTCTGCGTC-1,7322,20045
CGAGTCTTGTACTGCC-1,7522,20045
CTTAGCTACCATCTCA-1,7722,20044
CTGTGCGTGAGCCGTC-1,7921,20043
CCGAAGCCAGGTTCAG-1,8121,20042
TGCCTATGGACTGGTC-1,8321,20041
GTCCTTATACATTACG-1,8521,20041
ATTAGATTCGTACTCA-1,8721,20040
AGATCTAACGAGCTCA-1,8921,20039
AATGAAGAGGATGTAT-1,9121,20038
GCTAACAGATTGGTAG-1,9321,20037
ATTATCGAAGCCTAAG-1,9521,20037
AATCCGACCACGGTCC-1,9720,20036
GGTGCGCAACTAACGG-1,9920,20035
TACGGATCTTGCGATG-1,10120,20034
ATCGTACCGCGTACGC-1,10320,20033
TCGTCATCGTACCAAT-1,6023,20224
TACAAGTTATACGCTG-1,6223,20224
TATGTCTAAGACGCAA-1,6423,20223
AGGATTCCTTGCTGCG-1,6623,20222
GCAATCAACTCCAGAT-1,6823,20221
GCACCTTAATCGGATA-1,7023,20220
GAACCTTAGTTGATTA-1,7223,20220
CGGAGCCATCTGGATA-1,7422,20219
TGGCGAATTCTATGGT-1,7622,20218
TGTAGCCGTACATAAC-1,7822,20217
CCAACTGGAGATTCAT-1,8022,20216
TGAGTACGCTGCTCAG-1,8222,20216
ACCAAGGCTTCGCTAG-1,8422,20215
CTCATATGTAACCGTG-1,8622,20214
CTACCTGTAATAAGCA-1,8822,20213
AACCATGAATTGCCTT-1,9022,20212
TGGTACTGACCGCTGC-1,9221,20212
AGGAGCATCTTAACTC-1,9421,20211
AGGTACTCTGCCACCG-1,9621,20210
GAGGATGAGGATCCTC-1,9821,20209
ATGTTACGCCATTCCT-1,10021,20208
ACATCTACCTGTTCTA-1,6124,20398
ACTGATACCTTCACTA-1,6324,20397
GGATTCGTGGTAATCA-1,6524,20396
AGCCGTAGACTCTGAA-1,6724,20396
TGTCACTAGCTCAGAC-1,6923,20395
GCTACCTAGTCCGTTC-1,7123,20394
GTGACTATGGCATGGA-1,7323,20393
CTATTACCGTCATATT-1,7523,20392
GAGCAGACTAGTGGTA-1,7723,20392
ACTGAGCGATTACTAA-1,7923,20391
AGAAGCAATGAGGAAC-1,8123,20390
GTACCTACAATACGAA-1,8323,20389
TCGCGACGTGGTAAGT-1,8523,20388
CGCTATAGCGATCGCC-1,8722,20388
TGTAGGCAGGTCTAGC-1,8922,20387
ACCTCCGATTATAAGA-1,9122,20386
GAGCATCTCCAGTCTG-1,9322,20385
TGCAGAGCCTTGCCGG-1,9522,20384
ATAGTCGCTAAGGTAT-1,9722,20384
GCCTGTTAACGGACGA-1,9922,20383
GTTGAACTACCGTTCA-1,6025,20572
ACCTGTGGCGCTGCAA-1,6225,20571
TCGGAGGCTGTAGTTG-1,6424,20571
GTCAGTGCAGCGTTGT-1,6624,20570
CATAGACGAGGTATTA-1,6824,20569
ACTATCAAGGACGGAA-1,7024,20568
ACTGATACAGAACGTC-1,7224,20567
TATCCGTAAGCCAGCG-1,7424,20567
TAATAGGCTTGCTGAA-1,7624,20566
ATGCTGACAGTTACAT-1,7824,20565
CTTCAAGTAACAGCTT-1,8024,20564
TAGACCAGGTACGATC-1,8223,20563
GGAAGCTGAGATAAGG-1,8423,20563
GTACGCCATAGATGGT-1,8623,20562
GTGACAATTGCGATAA-1,8823,20561
TACAAGCGCCATCGGA-1,9023,20560
GTGGATTAACAGCGGT-1,9223,20559
GGTTGACCAAGACATG-1,9423,20559
GATCACGAACGTTGAG-1,9623,20558
GTACCTGTCTTACTGT-1,9822,20557
TCGCACTTCAGTGACA-1,6125,20746
AACTGCGATGAATAGG-1,6325,20745
CGCTGACGGCACATGA-1,6525,20744
CAACAGCCGCCTTGAG-1,6725,20743
ACTCAGTAGATACAAT-1,6925,20743
AGGATGCTCGACAGTC-1,7125,20742
CAATAAGGTAGCGATG-1,7325,20741
GGCATACTATTGCACT-1,7524,20740
GGACGTTACGTACATC-1,7724,20739
TCTTGCCGGAGCCAGA-1,7924,20739
AAGATTGACACTCGAT-1,8124,20738
ATCTTAAGCTCCTTGA-1,8324,20737
GTGCTCGCTTGATCGG-1,8524,20736
AATTCTAACATCGTGC-1,8724,20735
GATCGTTGGAATGACA-1,8924,20735
TCTTGCATAGACAATA-1,9124,20734
CGACTATTGGTACTAT-1,9323,20733
TGTCAACTTATTCAAT-1,9523,20732
TATTGAATTAAGCGTT-1,9723,20731
ACCTCCACAGAACTCA-1,9923,20731
CTTACGCTACGTAAGC-1,6226,20919
TCGGTATCTAGTATAC-1,6426,20918
ATCCGGCGTAGTCTGA-1,6626,20918
TCGCCTAATGACCGGT-1,6826,20917
CGATGCCGACCGTGAC-1,7025,20916
GGACTCTGAACCTGAG-1,7225,20915
TACACGAACAGCTACT-1,7425,20914
AATTCTTGCATTGGTC-1,7625,20914
AGTGCAGCTTCATCGG-1,7825,20913
AGACTGGAACCGTTGG-1,8025,20912
TCTTGAGCGGCAACGC-1,8225,20911
GCCGAATCCACGACTC-1,8425,20910
ATGATAATGCACGCAC-1,8625,20910
TGACCATCCGCCACGT-1,8824,20909
TAGAACATGATTAACA-1,9024,20908
AGCGGATCGCGGACAG-1,9224,20907
ACGTGAAGGTCGCCTC-1,9424,20906
CTGATTGCTTCTAGAA-1,9624,20906
ATTACTTAACCACTTC-1,9824,20905
